character	environment_count	environments
a	722	#_#|#_'|#_-|#_a|#_b|#_c|#_d|#_e|#_f|#_g|#_h|#_i|#_j|#_k|#_l|#_m|#_n|#_o|#_p|#_q|#_r|#_s|#_t|#_u|#_v|#_w|#_x|#_y|#_z|'_#|'_'|'_c|'_d|'_f|'_g|'_h|'_i|'_l|'_m|'_n|'_p|'_r|'_t|'_u|'_v|,_n|-_#|-_'|-_-|-_a|-_b|-_c|-_d|-_e|-_f|-_g|-_h|-_i|-_l|-_m|-_n|-_p|-_r|-_s|-_t|-_u|-_w|-_y|a_#|a_-|a_a|a_b|a_c|a_d|a_f|a_g|a_h|a_i|a_k|a_l|a_m|a_n|a_r|a_s|a_t|a_u|a_v|a_z|b_#|b_'|b_-|b_a|b_b|b_c|b_d|b_e|b_f|b_g|b_h|b_i|b_j|b_k|b_l|b_m|b_n|b_o|b_p|b_r|b_s|b_t|b_u|b_v|b_w|b_x|b_y|b_z|c_#|c_'|c_-|c_a|c_b|c_c|c_d|c_e|c_f|c_g|c_h|c_i|c_j|c_k|c_l|c_m|c_n|c_o|c_p|c_q|c_r|c_s|c_t|c_u|c_v|c_w|c_y|d_#|d_'|d_-|d_a|d_b|d_c|d_d|d_e|d_f|d_g|d_h|d_i|d_k|d_l|d_m|d_n|d_p|d_q|d_r|d_s|d_t|d_u|d_v|d_w|d_x|d_y|d_z|e_#|e_'|e_,|e_-|e_c|e_d|e_f|e_g|e_h|e_i|e_k|e_l|e_m|e_n|e_p|e_r|e_s|e_t|e_u|e_v|e_w|e_z|f_#|f_'|f_-|f_b|f_c|f_d|f_e|f_f|f_g|f_h|f_i|f_j|f_k|f_l|f_m|f_n|f_o|f_p|f_r|f_s|f_t|f_u|f_v|f_w|f_x|f_y|g_#|g_'|g_-|g_a|g_b|g_c|g_d|g_e|g_f|g_g|g_h|g_i|g_j|g_l|g_m|g_n|g_o|g_p|g_q|g_r|g_s|g_t|g_u|g_v|g_w|g_y|g_z|h_#|h_'|h_-|h_a|h_b|h_c|h_d|h_e|h_f|h_g|h_h|h_i|h_j|h_k|h_l|h_m|h_n|h_o|h_p|h_q|h_r|h_s|h_t|h_u|h_v|h_w|h_x|h_y|h_z|i_#|i_'|i_a|i_b|i_c|i_d|i_e|i_f|i_g|i_h|i_i|i_k|i_l|i_m|i_n|i_o|i_p|i_r|i_s|i_t|i_u|i_v|i_w|i_x|i_z|j_#|j_'|j_b|j_c|j_d|j_e|j_f|j_g|j_h|j_i|j_j|j_k|j_l|j_m|j_n|j_p|j_r|j_s|j_t|j_u|j_v|j_w|j_x|j_y|j_z|k_#|k_'|k_-|k_a|k_b|k_c|k_d|k_e|k_f|k_g|k_h|k_i|k_j|k_k|k_l|k_m|k_n|k_p|k_r|k_s|k_t|k_v|k_w|k_x|k_y|k_z|l_#|l_'|l_-|l_a|l_b|l_c|l_d|l_e|l_f|l_g|l_h|l_i|l_k|l_l|l_m|l_n|l_o|l_p|l_r|l_s|l_t|l_u|l_v|l_w|l_x|l_y|l_z|m_#|m_'|m_-|m_a|m_b|m_c|m_d|m_e|m_f|m_g|m_h|m_i|m_j|m_k|m_l|m_m|m_n|m_o|m_p|m_q|m_r|m_s|m_t|m_u|m_v|m_w|m_x|m_y|m_z|n_#|n_'|n_-|n_a|n_b|n_c|n_d|n_e|n_f|n_g|n_h|n_i|n_j|n_k|n_l|n_m|n_n|n_o|n_p|n_q|n_r|n_s|n_t|n_u|n_v|n_w|n_x|n_y|n_z|n_í|n_ï|o_#|o_-|o_b|o_c|o_d|o_f|o_g|o_h|o_i|o_k|o_l|o_m|o_n|o_p|o_q|o_r|o_s|o_t|o_u|o_x|o_z|p_#|p_'|p_-|p_a|p_b|p_c|p_d|p_e|p_f|p_g|p_h|p_i|p_j|p_k|p_l|p_m|p_n|p_o|p_p|p_q|p_r|p_s|p_t|p_u|p_v|p_w|p_x|p_y|p_z|q_#|q_'|q_h|q_p|q_r|q_t|r_#|r_'|r_-|r_a|r_b|r_c|r_d|r_e|r_f|r_g|r_h|r_i|r_j|r_k|r_l|r_m|r_n|r_o|r_p|r_q|r_r|r_s|r_t|r_u|r_v|r_w|r_x|r_y|r_z|s_#|s_'|s_a|s_b|s_c|s_d|s_e|s_f|s_g|s_h|s_i|s_j|s_k|s_l|s_m|s_n|s_o|s_p|s_q|s_r|s_s|s_t|s_u|s_v|s_w|s_x|s_y|s_z|t_#|t_'|t_-|t_a|t_b|t_c|t_d|t_e|t_f|t_g|t_h|t_i|t_j|t_k|t_l|t_m|t_n|t_o|t_p|t_q|t_r|t_s|t_t|t_u|t_v|t_w|t_x|t_y|t_z|u_#|u_'|u_b|u_c|u_d|u_e|u_f|u_g|u_h|u_i|u_l|u_m|u_n|u_p|u_r|u_s|u_t|u_u|u_v|u_w|u_y|v_#|v_'|v_-|v_a|v_b|v_c|v_d|v_e|v_g|v_h|v_i|v_j|v_k|v_l|v_m|v_n|v_o|v_p|v_r|v_s|v_t|v_u|v_v|v_x|v_y|v_z|w_#|w_'|w_-|w_a|w_b|w_c|w_d|w_e|w_f|w_g|w_h|w_i|w_k|w_l|w_m|w_n|w_p|w_r|w_s|w_t|w_u|w_v|w_w|w_x|w_y|w_z|x_#|x_b|x_c|x_d|x_e|x_l|x_n|x_r|x_s|x_t|x_u|x_x|y_#|y_'|y_-|y_a|y_b|y_c|y_d|y_e|y_f|y_g|y_h|y_i|y_k|y_l|y_m|y_n|y_p|y_r|y_s|y_t|y_u|y_v|y_w|y_y|y_z|z_#|z_'|z_a|z_b|z_c|z_d|z_e|z_f|z_g|z_h|z_i|z_k|z_l|z_m|z_n|z_p|z_r|z_s|z_t|z_w|z_x|z_y|z_z|é_d|é_g|ï_e|ï_f|ï_i|ï_u|ñ_#|ñ_t|ŵ_i|ŵ_u
o	683	#_#|#_'|#_-|#_a|#_b|#_c|#_d|#_e|#_f|#_g|#_h|#_i|#_j|#_k|#_l|#_m|#_n|#_o|#_p|#_r|#_s|#_t|#_u|#_v|#_w|#_x|#_y|#_z|'_#|'_'|'_a|'_c|'_e|'_h|'_m|'_n|'_r|'_s|'_t|'_u|'_y|-_#|-_'|-_-|-_a|-_b|-_c|-_e|-_f|-_g|-_h|-_k|-_l|-_m|-_n|-_o|-_p|-_r|-_s|-_u|a_#|a_b|a_d|a_e|a_l|a_m|a_n|a_o|a_r|a_s|a_t|a_w|a_y|b_#|b_'|b_-|b_a|b_b|b_c|b_d|b_e|b_f|b_g|b_h|b_i|b_k|b_l|b_m|b_n|b_o|b_p|b_q|b_r|b_s|b_t|b_u|b_v|b_w|b_x|b_y|b_z|c_#|c_'|c_-|c_a|c_b|c_c|c_d|c_e|c_f|c_g|c_h|c_i|c_j|c_k|c_l|c_m|c_n|c_o|c_p|c_r|c_s|c_t|c_u|c_v|c_w|c_x|c_y|d_#|d_'|d_-|d_a|d_b|d_c|d_d|d_e|d_f|d_g|d_h|d_i|d_j|d_k|d_l|d_m|d_n|d_o|d_p|d_q|d_r|d_s|d_t|d_u|d_v|d_w|d_x|d_y|d_z|d_ñ|e_#|e_'|e_-|e_c|e_d|e_e|e_f|e_g|e_h|e_l|e_m|e_n|e_o|e_p|e_r|e_s|e_t|e_u|e_w|e_x|f_#|f_'|f_-|f_a|f_b|f_c|f_d|f_e|f_g|f_i|f_l|f_m|f_n|f_o|f_p|f_r|f_s|f_t|f_u|f_w|f_x|g_#|g_'|g_-|g_a|g_b|g_c|g_d|g_e|g_f|g_g|g_h|g_i|g_k|g_l|g_m|g_n|g_o|g_p|g_r|g_s|g_t|g_u|g_v|g_w|g_y|h_#|h_'|h_-|h_a|h_b|h_c|h_d|h_e|h_f|h_g|h_h|h_i|h_j|h_k|h_l|h_m|h_n|h_o|h_p|h_r|h_s|h_t|h_u|h_v|h_w|h_x|h_y|h_z|i_#|i_'|i_-|i_a|i_b|i_c|i_d|i_e|i_f|i_g|i_h|i_i|i_k|i_l|i_m|i_n|i_o|i_p|i_q|i_r|i_s|i_t|i_u|i_v|i_w|i_x|i_z|j_#|j_'|j_-|j_a|j_b|j_c|j_d|j_e|j_f|j_h|j_i|j_j|j_k|j_l|j_m|j_n|j_o|j_p|j_q|j_r|j_s|j_t|j_u|j_v|j_x|j_y|k_#|k_'|k_-|k_a|k_b|k_c|k_d|k_e|k_f|k_h|k_i|k_j|k_k|k_l|k_m|k_n|k_o|k_p|k_q|k_r|k_s|k_t|k_u|k_v|k_w|k_z|l_#|l_'|l_,|l_-|l_a|l_b|l_c|l_d|l_e|l_f|l_g|l_h|l_i|l_j|l_k|l_l|l_m|l_n|l_o|l_p|l_q|l_r|l_s|l_t|l_u|l_v|l_w|l_x|l_y|l_z|l_ÿ|m_#|m_'|m_-|m_a|m_b|m_c|m_d|m_e|m_f|m_g|m_h|m_i|m_j|m_k|m_l|m_m|m_n|m_o|m_p|m_r|m_s|m_t|m_u|m_v|m_w|m_x|m_y|m_z|n_#|n_'|n_-|n_a|n_b|n_c|n_d|n_e|n_f|n_g|n_h|n_i|n_k|n_l|n_m|n_n|n_o|n_p|n_r|n_s|n_t|n_u|n_v|n_w|n_x|n_y|n_z|o_#|o_-|o_a|o_b|o_c|o_d|o_e|o_f|o_g|o_h|o_i|o_j|o_k|o_l|o_m|o_n|o_o|o_p|o_r|o_s|o_t|o_u|o_v|o_w|o_z|p_#|p_'|p_-|p_a|p_b|p_c|p_d|p_e|p_g|p_h|p_i|p_k|p_l|p_m|p_n|p_o|p_p|p_q|p_r|p_s|p_t|p_u|p_v|p_w|q_'|q_-|q_m|r_#|r_'|r_-|r_a|r_b|r_c|r_d|r_e|r_f|r_g|r_h|r_i|r_j|r_k|r_l|r_m|r_n|r_o|r_p|r_q|r_r|r_s|r_t|r_u|r_v|r_w|r_x|r_y|r_z|r_ë|s_#|s_'|s_-|s_a|s_b|s_c|s_d|s_e|s_f|s_g|s_h|s_i|s_j|s_k|s_l|s_m|s_n|s_o|s_p|s_q|s_r|s_s|s_t|s_u|s_v|s_w|s_y|s_z|t_#|t_'|t_-|t_a|t_b|t_c|t_d|t_e|t_f|t_g|t_h|t_i|t_j|t_k|t_l|t_m|t_n|t_o|t_p|t_q|t_r|t_s|t_t|t_u|t_v|t_w|t_x|t_y|t_z|u_#|u_'|u_c|u_d|u_e|u_g|u_l|u_m|u_n|u_r|u_s|u_t|u_u|u_v|v_#|v_'|v_-|v_c|v_d|v_g|v_h|v_i|v_j|v_k|v_l|v_m|v_n|v_o|v_r|v_s|v_t|v_u|v_v|v_w|v_x|v_y|w_#|w_'|w_-|w_a|w_b|w_c|w_d|w_f|w_g|w_h|w_l|w_m|w_n|w_o|w_p|w_r|w_s|w_t|w_u|w_v|w_w|x_#|x_-|x_a|x_b|x_c|x_d|x_g|x_i|x_l|x_m|x_n|x_p|x_r|x_s|x_t|y_#|y_'|y_-|y_a|y_c|y_d|y_f|y_g|y_k|y_l|y_m|y_n|y_o|y_p|y_r|y_s|y_t|y_u|y_v|y_w|z_#|z_-|z_a|z_b|z_c|z_d|z_e|z_f|z_g|z_i|z_l|z_m|z_n|z_o|z_r|z_t|z_u|z_v|z_z|é_d|é_m|é_r|é_t|é_w|ë_d|ï_#|ï_'|ï_d|ï_e|ï_l|ï_m|ï_n|ñ_#|ñ_r|ŵ_l
e	671	#_#|#_'|#_-|#_a|#_b|#_c|#_d|#_e|#_f|#_g|#_h|#_i|#_j|#_k|#_l|#_m|#_n|#_o|#_p|#_q|#_r|#_s|#_t|#_u|#_v|#_w|#_x|#_y|#_z|#_ä|'_#|'_a|'_d|'_e|'_f|'_h|'_i|'_l|'_m|'_q|'_r|'_s|'_t|'_u|'_w|'_y|-_-|-_a|-_c|-_d|-_e|-_f|-_g|-_h|-_i|-_l|-_m|-_n|-_r|-_s|-_t|-_u|-_w|-_y|a_#|a_'|a_-|a_a|a_b|a_c|a_d|a_e|a_g|a_i|a_k|a_l|a_m|a_n|a_o|a_q|a_r|a_s|a_t|a_u|a_v|a_w|a_y|a_z|b_#|b_a|b_b|b_c|b_d|b_e|b_f|b_g|b_h|b_i|b_j|b_k|b_l|b_m|b_n|b_o|b_p|b_q|b_r|b_s|b_t|b_u|b_v|b_w|b_x|b_y|b_z|c_#|c_'|c_-|c_a|c_b|c_c|c_d|c_f|c_g|c_h|c_i|c_l|c_m|c_n|c_o|c_p|c_r|c_s|c_t|c_u|c_w|c_y|d_#|d_'|d_-|d_a|d_b|d_c|d_d|d_e|d_f|d_g|d_h|d_i|d_j|d_k|d_l|d_m|d_n|d_o|d_p|d_r|d_s|d_t|d_u|d_v|d_w|d_x|d_y|d_z|e_#|e_'|e_-|e_a|e_b|e_c|e_d|e_e|e_f|e_g|e_h|e_i|e_j|e_k|e_l|e_m|e_n|e_o|e_p|e_r|e_s|e_t|e_v|e_w|e_x|e_y|e_z|f_#|f_'|f_a|f_b|f_c|f_d|f_e|f_f|f_g|f_h|f_i|f_k|f_l|f_m|f_n|f_o|f_p|f_r|f_s|f_t|f_u|f_v|f_w|f_x|f_y|f_z|g_#|g_-|g_a|g_b|g_c|g_d|g_e|g_f|g_g|g_h|g_i|g_l|g_m|g_n|g_o|g_p|g_r|g_s|g_t|g_u|g_w|g_y|g_z|h_#|h_'|h_-|h_a|h_b|h_c|h_d|h_e|h_f|h_g|h_h|h_i|h_j|h_k|h_l|h_m|h_n|h_o|h_p|h_q|h_r|h_s|h_t|h_u|h_v|h_w|h_x|h_y|h_z|i_#|i_'|i_-|i_b|i_c|i_d|i_e|i_f|i_g|i_i|i_l|i_m|i_n|i_p|i_r|i_s|i_t|i_u|i_v|i_w|i_z|j_#|j_a|j_c|j_d|j_e|j_f|j_g|j_h|j_k|j_l|j_m|j_n|j_p|j_r|j_s|j_t|j_u|j_v|j_w|j_x|j_y|k_#|k_'|k_-|k_a|k_b|k_c|k_d|k_e|k_f|k_g|k_h|k_i|k_j|k_k|k_l|k_m|k_n|k_o|k_p|k_r|k_s|k_t|k_v|k_w|k_y|k_z|l_#|l_'|l_-|l_a|l_b|l_c|l_d|l_e|l_f|l_g|l_h|l_i|l_j|l_k|l_l|l_m|l_n|l_o|l_p|l_q|l_r|l_s|l_t|l_u|l_v|l_w|l_x|l_y|l_z|m_#|m_'|m_-|m_a|m_b|m_c|m_d|m_e|m_f|m_g|m_h|m_i|m_k|m_l|m_m|m_n|m_o|m_q|m_r|m_s|m_t|m_u|m_v|m_w|m_x|m_y|m_z|n_#|n_'|n_-|n_a|n_b|n_c|n_d|n_e|n_f|n_g|n_h|n_i|n_k|n_l|n_m|n_n|n_o|n_p|n_q|n_r|n_s|n_t|n_u|n_v|n_w|n_x|n_y|n_z|o_#|o_'|o_-|o_a|o_b|o_d|o_e|o_g|o_h|o_i|o_k|o_l|o_m|o_n|o_o|o_r|o_s|o_t|o_u|o_w|o_x|o_y|p_#|p_'|p_-|p_a|p_b|p_c|p_d|p_e|p_f|p_g|p_h|p_i|p_j|p_k|p_l|p_m|p_n|p_o|p_p|p_r|p_s|p_t|p_v|p_w|p_x|p_y|p_z|p_ñ|q_d|q_m|q_t|r_#|r_'|r_-|r_a|r_b|r_c|r_d|r_e|r_f|r_g|r_h|r_i|r_j|r_k|r_l|r_m|r_n|r_o|r_p|r_q|r_r|r_s|r_t|r_u|r_v|r_w|r_x|r_y|r_z|s_#|s_'|s_-|s_a|s_b|s_c|s_d|s_e|s_f|s_g|s_h|s_i|s_k|s_l|s_m|s_n|s_o|s_p|s_q|s_r|s_s|s_t|s_u|s_v|s_x|s_y|s_z|s_ñ|t_#|t_'|t_-|t_a|t_b|t_c|t_d|t_e|t_f|t_g|t_h|t_i|t_j|t_k|t_l|t_m|t_n|t_o|t_p|t_q|t_r|t_s|t_t|t_u|t_v|t_w|t_x|t_y|t_z|u_#|u_'|u_a|u_b|u_d|u_e|u_g|u_h|u_i|u_l|u_m|u_n|u_r|u_s|u_t|u_v|u_y|u_z|v_#|v_'|v_a|v_c|v_d|v_e|v_g|v_i|v_k|v_l|v_m|v_n|v_p|v_r|v_s|v_t|v_x|v_y|w_#|w_'|w_-|w_a|w_b|w_c|w_d|w_e|w_f|w_g|w_h|w_i|w_l|w_n|w_o|w_p|w_r|w_s|w_t|w_u|w_v|w_y|x_#|x_c|x_d|x_i|x_l|x_n|x_p|x_r|x_s|x_t|x_u|y_#|y_-|y_a|y_d|y_e|y_g|y_h|y_i|y_k|y_l|y_n|y_o|y_p|y_r|y_s|y_t|y_u|y_v|y_w|z_#|z_-|z_b|z_d|z_e|z_f|z_i|z_k|z_l|z_m|z_n|z_o|z_p|z_r|z_s|z_t|z_u|é_#|é_d|ë_g|ï_n|ŵ_r
i	636	#_#|#_'|#_-|#_a|#_b|#_c|#_d|#_e|#_f|#_g|#_h|#_i|#_j|#_k|#_l|#_m|#_n|#_o|#_p|#_q|#_r|#_s|#_t|#_u|#_v|#_w|#_x|#_y|#_z|#_â|#_í|'_#|'_'|'_a|'_e|'_g|'_h|'_i|'_j|'_k|'_m|'_n|'_o|'_t|-_#|-_'|-_-|-_a|-_c|-_e|-_f|-_l|-_m|-_n|-_o|-_s|-_t|-_w|a_#|a_'|a_-|a_a|a_b|a_c|a_d|a_e|a_f|a_g|a_h|a_i|a_k|a_l|a_m|a_n|a_o|a_p|a_q|a_r|a_s|a_t|a_w|b_#|b_'|b_-|b_a|b_b|b_c|b_d|b_e|b_f|b_g|b_i|b_k|b_l|b_m|b_n|b_o|b_p|b_q|b_r|b_s|b_t|b_u|b_v|b_w|b_x|b_z|b_â|c_#|c_'|c_-|c_a|c_b|c_c|c_d|c_e|c_f|c_g|c_l|c_m|c_n|c_o|c_p|c_r|c_s|c_t|c_u|c_v|c_w|d_#|d_'|d_-|d_a|d_b|d_c|d_d|d_e|d_f|d_g|d_h|d_i|d_k|d_l|d_m|d_n|d_o|d_p|d_q|d_r|d_s|d_t|d_u|d_v|d_w|d_x|d_y|d_z|e_#|e_-|e_a|e_b|e_c|e_d|e_e|e_f|e_g|e_h|e_i|e_j|e_k|e_l|e_m|e_n|e_o|e_p|e_r|e_s|e_t|e_u|e_v|e_w|f_#|f_'|f_-|f_a|f_b|f_c|f_d|f_e|f_f|f_g|f_j|f_l|f_m|f_n|f_o|f_r|f_s|f_t|f_v|f_w|f_x|f_y|f_z|g_#|g_'|g_-|g_a|g_b|g_c|g_d|g_e|g_f|g_g|g_k|g_l|g_m|g_n|g_o|g_p|g_r|g_s|g_t|g_u|g_v|g_w|g_z|g_â|h_#|h_'|h_-|h_a|h_b|h_c|h_d|h_e|h_f|h_g|h_i|h_j|h_k|h_l|h_m|h_n|h_o|h_p|h_r|h_s|h_t|h_u|h_v|h_w|h_y|h_z|i_#|i_-|i_a|i_i|i_l|i_n|i_o|i_r|i_s|i_v|j_#|j_a|j_b|j_f|j_g|j_h|j_i|j_k|j_l|j_m|j_n|j_r|j_s|j_t|j_v|j_w|k_#|k_'|k_-|k_a|k_b|k_c|k_d|k_e|k_f|k_i|k_j|k_l|k_m|k_n|k_o|k_p|k_r|k_s|k_t|k_v|k_y|k_z|l_#|l_'|l_-|l_a|l_b|l_c|l_d|l_e|l_f|l_g|l_h|l_i|l_j|l_k|l_l|l_m|l_n|l_o|l_p|l_q|l_r|l_s|l_t|l_u|l_v|l_w|l_x|l_y|l_z|m_#|m_'|m_-|m_a|m_c|m_d|m_e|m_f|m_g|m_h|m_k|m_l|m_m|m_n|m_o|m_r|m_s|m_t|m_u|m_w|m_x|m_y|m_z|m_è|n_#|n_'|n_-|n_a|n_b|n_c|n_d|n_e|n_f|n_g|n_h|n_i|n_j|n_k|n_l|n_m|n_n|n_o|n_p|n_q|n_r|n_s|n_t|n_u|n_v|n_w|n_x|n_z|n_é|o_#|o_'|o_-|o_a|o_c|o_d|o_e|o_f|o_g|o_i|o_k|o_l|o_m|o_n|o_o|o_r|o_s|o_t|o_x|p_#|p_-|p_a|p_b|p_c|p_d|p_e|p_f|p_g|p_k|p_l|p_m|p_n|p_o|p_p|p_q|p_r|p_s|p_t|p_u|p_v|p_w|p_x|p_z|p_ñ|r_#|r_'|r_-|r_a|r_b|r_c|r_d|r_e|r_f|r_g|r_i|r_j|r_k|r_l|r_m|r_n|r_o|r_p|r_q|r_r|r_s|r_t|r_u|r_v|r_w|r_x|r_y|r_z|s_#|s_'|s_-|s_a|s_b|s_c|s_d|s_e|s_f|s_g|s_i|s_k|s_l|s_m|s_n|s_o|s_p|s_q|s_r|s_s|s_t|s_u|s_v|s_w|s_x|s_y|s_z|s_â|s_ô|s_ŵ|t_#|t_'|t_-|t_a|t_b|t_c|t_d|t_e|t_f|t_g|t_h|t_k|t_l|t_m|t_n|t_o|t_p|t_q|t_r|t_s|t_t|t_u|t_v|t_w|t_x|t_y|t_z|u_#|u_'|u_a|u_b|u_c|u_d|u_e|u_g|u_k|u_l|u_n|u_p|u_q|u_r|u_s|u_t|u_v|u_z|v_#|v_-|v_a|v_b|v_c|v_d|v_e|v_f|v_g|v_h|v_i|v_k|v_l|v_n|v_o|v_p|v_r|v_s|v_t|v_u|v_v|v_x|w_#|w_'|w_-|w_a|w_b|w_c|w_d|w_e|w_f|w_g|w_i|w_k|w_l|w_m|w_n|w_o|w_p|w_r|w_s|w_t|w_v|w_w|w_x|w_z|x_#|x_-|x_a|x_b|x_c|x_d|x_e|x_g|x_i|x_k|x_l|x_m|x_n|x_o|x_p|x_r|x_s|x_t|x_u|x_v|y_#|y_-|y_a|y_f|y_g|y_k|y_n|y_o|y_p|y_r|y_s|y_u|y_v|z_#|z_a|z_b|z_d|z_e|z_f|z_g|z_k|z_l|z_m|z_n|z_o|z_p|z_r|z_s|z_t|z_u|z_y|z_z|á_n|á_t|é_s|ë_g|ë_r|ó_n|ŵ_o
u	499	#_#|#_'|#_-|#_b|#_c|#_d|#_e|#_f|#_g|#_h|#_i|#_k|#_l|#_m|#_n|#_o|#_p|#_r|#_s|#_t|#_v|#_w|#_x|#_y|#_z|'_#|'_n|'_u|-_#|-_c|-_g|-_h|-_l|-_n|-_p|-_t|a_#|a_'|a_-|a_b|a_c|a_d|a_e|a_f|a_g|a_i|a_k|a_l|a_m|a_n|a_o|a_r|a_s|a_t|a_v|a_w|a_x|a_z|b_#|b_'|b_a|b_b|b_c|b_d|b_e|b_f|b_g|b_h|b_i|b_k|b_l|b_m|b_n|b_o|b_p|b_r|b_s|b_t|b_w|b_x|b_z|c_#|c_'|c_b|c_d|c_e|c_f|c_i|c_l|c_m|c_n|c_o|c_p|c_r|c_s|c_t|c_u|c_z|d_#|d_'|d_-|d_a|d_b|d_c|d_d|d_e|d_f|d_g|d_h|d_i|d_k|d_l|d_m|d_n|d_o|d_p|d_r|d_s|d_t|d_v|d_w|d_y|e_#|e_'|e_-|e_a|e_b|e_c|e_d|e_e|e_f|e_g|e_i|e_k|e_l|e_m|e_n|e_o|e_p|e_r|e_s|e_t|e_v|e_w|e_x|e_y|f_#|f_'|f_-|f_a|f_c|f_d|f_e|f_g|f_h|f_j|f_l|f_m|f_n|f_o|f_r|f_s|f_t|f_w|f_z|g_#|g_'|g_-|g_a|g_b|g_c|g_d|g_e|g_f|g_i|g_l|g_m|g_n|g_o|g_p|g_r|g_s|g_t|g_v|g_y|h_#|h_'|h_-|h_a|h_b|h_c|h_d|h_e|h_f|h_g|h_h|h_k|h_l|h_m|h_n|h_o|h_p|h_q|h_r|h_s|h_t|h_v|h_w|h_y|h_z|i_'|i_c|i_l|i_m|i_n|i_p|i_s|j_#|j_a|j_d|j_g|j_h|j_i|j_k|j_l|j_m|j_n|j_p|j_r|j_s|j_t|k_#|k_a|k_b|k_d|k_h|k_i|k_k|k_l|k_m|k_n|k_p|k_r|k_s|k_t|k_u|k_v|k_w|k_z|l_#|l_'|l_-|l_a|l_b|l_c|l_d|l_e|l_f|l_g|l_h|l_i|l_k|l_l|l_m|l_n|l_o|l_p|l_r|l_s|l_t|l_u|l_v|l_w|l_x|m_#|m_'|m_-|m_c|m_d|m_e|m_f|m_g|m_h|m_i|m_k|m_l|m_m|m_n|m_o|m_p|m_r|m_s|m_t|m_v|m_x|m_z|n_#|n_'|n_a|n_b|n_c|n_d|n_e|n_f|n_g|n_h|n_k|n_l|n_m|n_n|n_o|n_p|n_q|n_r|n_s|n_t|n_u|n_v|n_w|o_#|o_'|o_-|o_a|o_b|o_c|o_d|o_e|o_f|o_g|o_h|o_i|o_k|o_l|o_m|o_n|o_p|o_q|o_r|o_s|o_t|o_u|o_v|o_w|o_x|o_z|p_#|p_'|p_a|p_b|p_c|p_d|p_e|p_f|p_g|p_h|p_i|p_k|p_l|p_m|p_n|p_p|p_r|p_s|p_t|q_#|q_'|q_a|q_e|q_h|q_i|q_l|q_o|q_é|q_ė|r_#|r_'|r_-|r_a|r_b|r_c|r_d|r_e|r_f|r_g|r_i|r_j|r_k|r_l|r_m|r_n|r_o|r_p|r_r|r_s|r_t|r_u|r_v|r_w|r_x|r_y|r_z|r_ç|s_#|s_'|s_a|s_b|s_c|s_d|s_e|s_f|s_g|s_i|s_k|s_l|s_m|s_n|s_p|s_r|s_s|s_t|s_u|s_v|s_y|s_z|t_#|t_'|t_a|t_b|t_c|t_d|t_e|t_f|t_h|t_i|t_k|t_l|t_m|t_n|t_o|t_p|t_r|t_s|t_t|t_u|t_v|t_w|t_x|t_z|u_#|u_'|u_l|u_m|u_r|u_s|u_t|u_u|v_#|v_h|v_i|v_l|v_n|v_r|w_#|w_'|w_d|w_k|w_l|w_m|w_n|w_p|w_s|w_t|x_d|x_m|x_p|x_r|x_s|y_c|y_d|y_i|y_k|y_m|y_n|y_p|y_r|y_s|y_t|y_v|y_z|z_#|z_e|z_l|z_m|z_r|z_t|á_#|á_'|â_#|â_'
s	493	#_#|#_'|#_-|#_a|#_b|#_c|#_e|#_f|#_g|#_h|#_i|#_j|#_k|#_l|#_m|#_n|#_o|#_p|#_q|#_r|#_s|#_t|#_u|#_v|#_w|#_y|#_â|#_ê|#_í|#_î|#_ï|#_ô|#_ŵ|'_#|'_a|'_e|'_h|'_i|'_j|'_o|'_q|'_t|'_u|'_y|,_y|-_a|-_b|-_c|-_e|-_f|-_g|-_h|-_i|-_k|-_l|-_m|-_n|-_o|-_p|-_t|-_u|-_w|-_y|-_ŵ|a_#|a_-|a_a|a_b|a_c|a_d|a_e|a_f|a_g|a_h|a_i|a_k|a_l|a_m|a_n|a_o|a_p|a_q|a_r|a_s|a_t|a_u|a_w|a_y|a_z|a_á|a_â|a_é|a_ï|b_#|b_e|b_h|b_i|b_k|b_m|b_o|b_t|b_u|b_w|b_y|c_#|c_a|c_b|c_e|c_g|c_i|c_l|c_o|c_t|c_x|c_y|d_#|d_'|d_a|d_c|d_e|d_g|d_h|d_i|d_m|d_o|d_p|d_t|d_v|d_w|d_y|e_#|e_'|e_-|e_a|e_b|e_c|e_d|e_e|e_f|e_g|e_h|e_i|e_k|e_l|e_m|e_n|e_o|e_p|e_q|e_r|e_s|e_t|e_u|e_w|e_y|e_á|e_å|e_ï|f_#|f_a|f_h|f_o|f_t|f_w|g_#|g_c|g_e|g_f|g_h|g_l|g_o|g_t|g_w|g_y|h_#|h_-|h_a|h_e|h_h|h_i|h_k|h_o|h_p|h_t|i_#|i_'|i_-|i_a|i_b|i_c|i_d|i_e|i_f|i_g|i_h|i_i|i_k|i_l|i_m|i_n|i_o|i_p|i_q|i_r|i_s|i_t|i_u|i_w|i_y|i_â|i_é|i_ï|j_#|k_#|k_'|k_a|k_e|k_h|k_i|k_k|k_m|k_o|k_p|k_s|k_t|k_v|k_w|k_y|l_#|l_-|l_a|l_b|l_c|l_e|l_f|l_h|l_i|l_k|l_l|l_n|l_o|l_p|l_s|l_t|l_u|l_y|m_#|m_'|m_a|m_c|m_d|m_e|m_g|m_h|m_i|m_l|m_m|m_n|m_o|m_p|m_t|m_u|m_y|n_#|n_'|n_-|n_a|n_b|n_c|n_d|n_e|n_f|n_g|n_h|n_i|n_k|n_l|n_m|n_o|n_p|n_r|n_s|n_t|n_u|n_v|n_w|n_y|n_î|n_ï|n_ŵ|o_#|o_'|o_-|o_a|o_b|o_c|o_e|o_f|o_g|o_h|o_i|o_k|o_l|o_m|o_n|o_o|o_p|o_q|o_r|o_s|o_t|o_u|o_w|o_y|o_á|o_é|o_î|o_ô|p_#|p_'|p_-|p_a|p_c|p_e|p_h|p_i|p_n|p_o|p_s|p_t|p_v|p_w|p_y|p_ï|q_#|r_#|r_-|r_a|r_b|r_c|r_e|r_f|r_g|r_h|r_i|r_k|r_l|r_m|r_n|r_o|r_p|r_s|r_t|r_u|r_v|r_w|r_y|s_#|s_'|s_-|s_a|s_b|s_c|s_d|s_e|s_f|s_h|s_i|s_k|s_l|s_m|s_n|s_o|s_p|s_r|s_s|s_t|s_u|s_w|s_y|t_#|t_a|t_b|t_c|t_e|t_f|t_h|t_i|t_k|t_l|t_m|t_o|t_r|t_s|t_t|t_u|t_w|t_y|t_ï|u_#|u_'|u_-|u_a|u_b|u_c|u_d|u_e|u_g|u_h|u_i|u_k|u_l|u_n|u_o|u_p|u_r|u_s|u_t|u_u|u_w|u_y|u_z|u_é|v_#|v_i|v_k|w_#|w_-|w_a|w_b|w_c|w_d|w_e|w_f|w_g|w_h|w_i|w_k|w_l|w_m|w_n|w_o|w_p|w_r|w_s|w_t|w_u|w_w|w_y|w_â|w_é|x_o|x_w|y_#|y_-|y_a|y_b|y_c|y_d|y_e|y_f|y_g|y_h|y_i|y_l|y_m|y_n|y_o|y_p|y_r|y_s|y_t|y_u|y_w|y_y|y_á|z_#|z_c|z_h|à_#|â_#|ä_#|é_#|é_g|é_u|ê_#|í_#|î_#|î_l|ô_#|ö_t|ŵ_#|ŷ_#
-	488	#_#|#_-|#_a|#_d|#_g|#_i|#_j|#_l|#_o|#_p|#_r|#_t|#_u|#_w|#_y|'_f|-_#|-_-|-_c|a_#|a_-|a_a|a_b|a_c|a_d|a_e|a_f|a_g|a_h|a_i|a_k|a_l|a_m|a_n|a_o|a_p|a_r|a_s|a_t|a_u|a_v|a_w|a_x|a_y|b_-|b_a|b_b|b_c|b_d|b_e|b_f|b_g|b_i|b_m|b_n|b_o|b_s|b_w|b_y|c_-|c_a|c_b|c_c|c_d|c_f|c_g|c_l|c_n|c_o|c_p|c_t|c_w|c_y|d_-|d_a|d_b|d_c|d_d|d_e|d_f|d_g|d_h|d_i|d_l|d_m|d_n|d_o|d_p|d_r|d_s|d_t|d_u|d_w|d_y|d_z|d_ŵ|e_#|e_-|e_a|e_b|e_c|e_d|e_e|e_f|e_g|e_h|e_i|e_j|e_k|e_l|e_m|e_n|e_o|e_p|e_q|e_r|e_s|e_t|e_u|e_w|e_y|f_-|f_a|f_b|f_c|f_d|f_e|f_f|f_g|f_h|f_i|f_l|f_m|f_n|f_o|f_p|f_r|f_s|f_w|f_y|g_-|g_a|g_b|g_c|g_d|g_e|g_f|g_g|g_h|g_i|g_l|g_m|g_n|g_o|g_p|g_r|g_s|g_u|g_w|g_y|h_-|h_a|h_b|h_c|h_d|h_e|h_f|h_g|h_h|h_i|h_j|h_k|h_l|h_m|h_n|h_o|h_p|h_r|h_s|h_t|h_u|h_w|h_y|h_ï|i_'|i_-|i_a|i_b|i_c|i_d|i_e|i_f|i_g|i_h|i_i|i_k|i_l|i_m|i_n|i_o|i_p|i_r|i_s|i_t|i_u|i_w|i_y|i_z|j_p|k_-|k_a|k_b|k_c|k_f|k_h|k_i|k_k|k_m|k_o|k_p|k_r|k_s|k_t|k_u|k_z|l_#|l_-|l_a|l_b|l_c|l_d|l_e|l_f|l_g|l_h|l_i|l_j|l_l|l_m|l_n|l_o|l_p|l_r|l_s|l_t|l_w|l_y|m_-|m_a|m_b|m_c|m_d|m_f|m_g|m_h|m_j|m_l|m_m|m_n|m_o|m_p|m_s|m_t|m_u|m_w|m_y|n_#|n_-|n_a|n_b|n_c|n_d|n_e|n_f|n_g|n_h|n_i|n_k|n_l|n_m|n_n|n_o|n_p|n_r|n_s|n_t|n_u|n_w|n_y|n_ê|n_ô|n_ŵ|o_#|o_-|o_a|o_b|o_c|o_d|o_e|o_f|o_g|o_h|o_i|o_j|o_k|o_l|o_m|o_n|o_o|o_p|o_r|o_s|o_t|o_u|o_v|o_w|o_x|o_y|o_z|p_a|p_b|p_c|p_d|p_e|p_f|p_g|p_h|p_i|p_n|p_o|p_p|p_s|p_t|p_u|p_w|p_y|q_n|r_#|r_-|r_a|r_b|r_c|r_d|r_e|r_f|r_g|r_h|r_i|r_l|r_m|r_n|r_o|r_p|r_r|r_s|r_t|r_u|r_v|r_w|r_x|r_y|r_ô|r_ŵ|s_#|s_-|s_a|s_b|s_c|s_d|s_e|s_f|s_g|s_h|s_i|s_l|s_m|s_n|s_o|s_p|s_r|s_s|s_t|s_u|s_w|s_y|t_-|t_a|t_b|t_c|t_d|t_f|t_g|t_h|t_i|t_k|t_l|t_m|t_n|t_o|t_p|t_r|t_s|t_t|t_u|t_w|u_-|u_a|u_b|u_c|u_d|u_e|u_f|u_g|u_i|u_j|u_k|u_l|u_m|u_n|u_o|u_p|u_r|u_s|u_t|u_u|u_v|u_w|u_x|v_a|v_c|v_g|v_k|v_p|v_s|v_t|w_-|w_a|w_b|w_c|w_d|w_e|w_f|w_g|w_i|w_l|w_m|w_n|w_o|w_p|w_r|w_s|w_t|w_u|w_w|w_y|x_i|x_n|x_s|y_-|y_a|y_b|y_c|y_d|y_e|y_f|y_g|y_h|y_i|y_j|y_k|y_l|y_m|y_n|y_o|y_p|y_r|y_s|y_t|y_u|y_w|y_y|z_b|z_e|z_g|z_n|z_s|z_v|â_-
l	478	#_#|#_'|#_-|#_a|#_b|#_d|#_e|#_f|#_h|#_i|#_k|#_l|#_m|#_n|#_o|#_p|#_q|#_r|#_s|#_t|#_u|#_v|#_w|#_x|#_y|#_á|#_â|#_è|#_ê|#_ó|#_ô|#_ö|'_a|'_e|'_h|'_i|'_l|'_o|'_u|-_a|-_e|-_i|-_l|-_o|-_u|-_w|-_y|a_#|a_'|a_-|a_a|a_b|a_c|a_d|a_e|a_f|a_g|a_h|a_i|a_j|a_k|a_l|a_m|a_n|a_o|a_p|a_r|a_s|a_t|a_u|a_v|a_w|a_y|a_z|a_ï|a_ŵ|b_#|b_-|b_a|b_e|b_h|b_i|b_o|b_r|b_t|b_u|b_w|b_y|b_â|b_ê|c_#|c_a|c_d|c_e|c_i|c_l|c_n|c_o|c_s|c_t|c_u|c_w|c_y|c_ê|c_ë|c_ô|d_#|d_-|d_a|d_b|d_c|d_d|d_e|d_i|d_n|d_o|d_r|d_s|d_u|d_w|d_y|e_#|e_'|e_,|e_-|e_a|e_b|e_c|e_d|e_e|e_f|e_g|e_h|e_i|e_j|e_k|e_l|e_m|e_n|e_o|e_p|e_r|e_s|e_t|e_u|e_v|e_w|e_y|e_z|e_î|e_ï|e_ô|f_#|f_a|f_e|f_i|f_n|f_o|f_u|f_w|f_y|f_é|f_ê|g_#|g_a|g_d|g_e|g_f|g_i|g_n|g_o|g_r|g_s|g_u|g_v|g_w|g_y|g_â|g_ê|g_ó|g_ô|g_ö|g_ŷ|h_#|h_a|h_c|h_e|h_i|h_l|h_m|h_n|h_o|h_s|h_u|h_w|h_y|h_â|h_ó|h_ô|i_#|i_'|i_-|i_a|i_b|i_c|i_d|i_e|i_f|i_g|i_h|i_i|i_k|i_l|i_m|i_n|i_o|i_p|i_q|i_r|i_s|i_t|i_u|i_v|i_w|i_y|i_z|i_à|i_ë|i_î|i_ï|j_#|j_a|j_e|j_r|k_#|k_a|k_e|k_i|k_l|k_m|k_n|k_o|k_s|k_y|l_#|l_'|l_-|l_a|l_b|l_c|l_d|l_e|l_f|l_g|l_h|l_i|l_j|l_k|l_l|l_m|l_n|l_o|l_p|l_r|l_s|l_t|l_u|l_v|l_w|l_y|l_ê|m_#|m_-|m_a|m_b|m_d|m_e|m_f|m_g|m_h|m_i|m_l|m_n|m_o|m_r|m_s|m_t|m_u|m_w|m_y|m_â|n_a|n_e|n_i|n_l|n_n|n_o|n_u|n_w|n_y|o_#|o_'|o_-|o_a|o_b|o_c|o_d|o_e|o_f|o_g|o_h|o_i|o_j|o_k|o_l|o_m|o_n|o_o|o_p|o_r|o_s|o_t|o_u|o_v|o_w|o_y|o_z|o_î|o_ï|p_#|p_a|p_c|p_e|p_i|p_o|p_u|p_w|p_y|p_â|r_#|r_a|r_b|r_d|r_e|r_g|r_i|r_l|r_n|r_o|r_s|r_t|r_u|r_w|r_y|r_ï|r_ŷ|s_#|s_a|s_d|s_e|s_i|s_o|s_p|s_t|s_u|s_w|s_y|t_#|t_a|t_c|t_e|t_h|t_i|t_l|t_m|t_n|t_o|t_s|t_t|t_u|t_v|t_w|t_x|t_y|u_#|u_'|u_-|u_a|u_b|u_c|u_d|u_e|u_f|u_g|u_h|u_i|u_k|u_l|u_m|u_n|u_o|u_p|u_s|u_t|u_u|u_v|u_w|u_y|u_z|v_#|v_a|v_b|v_d|v_i|v_l|v_o|v_s|v_t|v_u|w_#|w_-|w_a|w_b|w_c|w_d|w_e|w_f|w_i|w_l|w_m|w_o|w_p|w_r|w_s|w_t|w_w|w_y|w_â|x_#|x_e|y_#|y_-|y_a|y_b|y_c|y_d|y_e|y_f|y_g|y_i|y_l|y_n|y_o|y_s|y_t|y_u|y_v|y_w|y_y|z_a|z_e|z_i|z_o|z_y|â_#|é_#|é_i|é_y|ê_#|ê_-|î_#|î_-|î_i|ô_#|ô_-|ô_s|û_#|ŵ_#
r	474	#_#|#_'|#_-|#_a|#_c|#_d|#_e|#_f|#_h|#_i|#_l|#_m|#_n|#_o|#_r|#_s|#_t|#_u|#_v|#_w|#_y|#_é|#_ê|#_î|#_ô|'_#|'_-|'_a|'_e|'_h|'_i|'_o|'_u|'_w|,_y|-_#|-_a|-_e|-_h|-_i|-_o|-_r|-_u|-_w|-_y|a_#|a_'|a_-|a_a|a_b|a_c|a_d|a_e|a_f|a_g|a_h|a_i|a_j|a_k|a_l|a_m|a_n|a_o|a_p|a_q|a_r|a_s|a_t|a_u|a_v|a_w|a_x|a_y|a_z|a_é|a_î|a_ï|a_ô|a_ŵ|b_#|b_-|b_a|b_e|b_i|b_l|b_o|b_r|b_u|b_w|b_y|b_â|b_ê|b_î|c_#|c_a|c_b|c_e|c_h|c_i|c_l|c_o|c_s|c_u|c_w|c_y|c_á|c_â|c_è|c_ë|c_ô|d_#|d_-|d_a|d_e|d_h|d_i|d_j|d_o|d_s|d_u|d_w|d_y|d_ê|d_ï|d_ô|d_ö|e_#|e_'|e_-|e_a|e_b|e_c|e_d|e_e|e_f|e_g|e_h|e_i|e_j|e_k|e_l|e_m|e_n|e_o|e_p|e_r|e_s|e_t|e_u|e_v|e_w|e_x|e_y|e_z|e_â|e_í|e_ô|f_#|f_a|f_b|f_d|f_e|f_f|f_g|f_h|f_i|f_l|f_o|f_u|f_w|f_y|f_â|f_ä|f_ê|f_î|f_ï|g_#|g_'|g_a|g_e|g_f|g_i|g_o|g_r|g_s|g_u|g_w|g_y|g_â|g_ê|g_ë|g_í|g_î|g_ô|g_ŵ|h_#|h_'|h_a|h_e|h_i|h_l|h_m|h_o|h_u|h_w|h_y|h_ê|h_ë|h_î|h_ô|i_#|i_'|i_-|i_a|i_b|i_c|i_d|i_e|i_f|i_g|i_h|i_i|i_k|i_l|i_m|i_n|i_o|i_p|i_r|i_s|i_t|i_u|i_v|i_w|i_y|i_á|j_#|j_a|k_#|k_a|k_e|k_i|k_o|k_r|k_u|k_y|l_#|l_a|l_e|l_g|l_h|l_i|l_l|l_o|l_t|l_w|l_y|m_#|m_a|m_e|m_i|m_j|m_o|m_s|m_u|m_w|m_y|n_a|n_e|n_h|n_i|n_o|n_u|n_w|n_y|o_#|o_'|o_-|o_a|o_b|o_c|o_d|o_e|o_f|o_g|o_h|o_i|o_k|o_l|o_m|o_n|o_o|o_p|o_q|o_r|o_s|o_t|o_u|o_v|o_w|o_y|o_z|o_â|o_é|o_ï|p_#|p_-|p_a|p_d|p_e|p_i|p_l|p_o|p_r|p_u|p_w|p_y|p_é|r_#|r_-|r_a|r_d|r_e|r_g|r_h|r_i|r_k|r_l|r_m|r_n|r_o|r_r|r_u|r_w|r_y|s_#|s_a|s_e|s_i|s_o|s_s|s_t|s_u|s_w|s_y|t_#|t_a|t_c|t_e|t_f|t_i|t_l|t_o|t_s|t_u|t_w|t_y|t_é|t_ê|t_î|t_ï|t_ô|t_ö|u_#|u_'|u_-|u_a|u_b|u_c|u_d|u_e|u_f|u_g|u_h|u_i|u_j|u_k|u_l|u_m|u_n|u_o|u_p|u_q|u_r|u_s|u_t|u_u|u_v|u_w|u_y|u_z|u_â|u_é|u_í|v_#|v_a|v_e|v_i|v_o|w_#|w_'|w_-|w_a|w_b|w_c|w_d|w_e|w_f|w_g|w_h|w_i|w_l|w_n|w_o|w_p|w_r|w_s|w_t|w_u|w_w|w_y|w_é|w_ê|w_î|y_#|y_-|y_a|y_b|y_c|y_d|y_e|y_f|y_g|y_h|y_i|y_j|y_k|y_l|y_m|y_n|y_o|y_p|y_r|y_s|y_t|y_u|y_w|y_y|z_a|z_i|á_i|â_#|ä_e|è_e|é_a|é_e|é_l|ê_#|ê_-|ê_s|í_#|î_#|ó_i|ô_#|ô_'|ô_-|ö_d|ö_n|ú_i|û_#|ü_s|ŵ_#|ŵ_-|ŷ_#
y	447	#_#|#_'|#_-|#_a|#_b|#_c|#_d|#_e|#_f|#_i|#_l|#_m|#_n|#_o|#_p|#_r|#_s|#_u|#_v|#_w|#_y|'_#|'_a|'_d|'_e|'_l|'_m|'_n|'_o|'_q|'_r|-_#|-_'|-_-|-_a|-_c|-_d|-_e|-_m|-_n|-_o|-_p|-_r|-_s|-_t|-_u|-_w|-_y|a_#|a_'|a_-|a_a|a_b|a_c|a_d|a_e|a_f|a_g|a_h|a_i|a_j|a_k|a_l|a_m|a_n|a_o|a_r|a_s|a_t|a_w|b_#|b_'|b_-|b_a|b_c|b_d|b_e|b_f|b_g|b_j|b_l|b_m|b_n|b_p|b_r|b_s|b_t|b_w|b_z|c_#|c_-|c_a|c_b|c_c|c_d|c_f|c_g|c_h|c_l|c_m|c_n|c_p|c_r|c_s|c_t|c_w|c_x|d_#|d_'|d_-|d_a|d_b|d_c|d_d|d_f|d_g|d_h|d_i|d_k|d_l|d_m|d_n|d_o|d_p|d_r|d_s|d_t|d_v|d_w|d_y|e_#|e_'|e_,|e_-|e_a|e_b|e_d|e_e|e_g|e_h|e_i|e_j|e_k|e_l|e_m|e_n|e_o|e_p|e_r|e_s|e_t|e_u|e_y|f_#|f_-|f_c|f_d|f_f|f_g|f_i|f_j|f_l|f_m|f_n|f_r|f_s|f_t|f_w|g_#|g_-|g_b|g_c|g_d|g_e|g_f|g_g|g_h|g_l|g_m|g_n|g_p|g_r|g_s|g_t|g_w|h_#|h_-|h_a|h_b|h_c|h_d|h_e|h_f|h_g|h_h|h_k|h_l|h_m|h_n|h_o|h_p|h_r|h_s|h_t|h_w|h_x|h_y|i_#|i_a|i_m|i_n|i_s|i_t|j_g|j_m|j_n|j_s|j_u|k_#|k_'|k_-|k_a|k_b|k_e|k_f|k_l|k_m|k_o|k_r|k_s|k_u|k_w|l_#|l_'|l_-|l_a|l_b|l_c|l_d|l_e|l_f|l_g|l_h|l_i|l_l|l_m|l_n|l_o|l_p|l_r|l_s|l_t|l_u|l_w|l_x|l_z|m_#|m_a|m_b|m_c|m_d|m_e|m_f|m_g|m_k|m_l|m_m|m_n|m_o|m_r|m_s|m_t|m_w|m_x|n_#|n_'|n_-|n_a|n_b|n_c|n_d|n_e|n_f|n_g|n_i|n_k|n_l|n_m|n_n|n_o|n_p|n_r|n_s|n_t|n_w|o_#|o_'|o_-|o_a|o_c|o_d|o_e|o_h|o_i|o_k|o_l|o_m|o_n|o_o|o_s|o_u|o_w|p_#|p_a|p_c|p_d|p_g|p_j|p_l|p_m|p_n|p_o|p_p|p_r|p_s|p_t|r_#|r_'|r_-|r_a|r_b|r_c|r_d|r_e|r_f|r_g|r_i|r_j|r_l|r_m|r_n|r_o|r_p|r_r|r_s|r_t|r_w|s_#|s_'|s_-|s_b|s_c|s_d|s_f|s_g|s_l|s_m|s_n|s_p|s_r|s_s|s_t|s_w|t_#|t_'|t_-|t_a|t_b|t_c|t_d|t_e|t_f|t_g|t_h|t_i|t_j|t_k|t_l|t_m|t_n|t_o|t_p|t_r|t_s|t_t|t_w|u_#|u_'|u_a|u_d|u_e|u_n|u_s|v_#|v_d|v_i|v_l|v_n|v_o|w_#|w_'|w_-|w_a|w_b|w_c|w_d|w_e|w_f|w_g|w_h|w_i|w_k|w_l|w_m|w_n|w_o|w_r|w_s|w_t|w_w|w_y|x_#|x_a|x_g|x_l|x_p|x_r|y_#|y_-|y_d|y_k|y_o|y_y|z_#|z_g|z_l|z_m|z_r|z_t|z_z|ë_r|ö_d|ö_n|ŵ_#|ŵ_l|ŵ_n|ŵ_r
t	433	#_#|#_'|#_-|#_a|#_c|#_d|#_e|#_g|#_h|#_i|#_k|#_l|#_n|#_o|#_r|#_s|#_t|#_u|#_v|#_w|#_y|#_z|#_â|#_î|#_ô|#_ŵ|#_ŷ|'_#|'_a|'_e|'_h|'_i|'_l|'_o|'_r|'_u|-_#|-_a|-_c|-_e|-_h|-_i|-_k|-_o|-_r|-_s|-_u|-_w|-_y|-_â|a_#|a_'|a_-|a_a|a_b|a_c|a_e|a_f|a_g|a_h|a_i|a_k|a_l|a_m|a_n|a_o|a_p|a_r|a_s|a_t|a_u|a_w|a_y|a_á|a_â|a_é|a_ô|a_ŵ|b_#|b_e|b_h|b_r|b_u|c_#|c_a|c_e|c_h|c_i|c_l|c_o|c_r|c_u|c_w|c_y|d_#|d_-|d_a|d_h|d_r|d_s|e_#|e_'|e_-|e_a|e_b|e_c|e_d|e_e|e_f|e_h|e_i|e_l|e_n|e_o|e_r|e_s|e_t|e_u|e_v|e_w|e_x|e_y|e_z|e_ï|f_#|f_'|f_a|f_e|f_h|f_i|f_l|f_o|f_s|f_u|f_w|f_y|g_#|g_a|g_e|g_h|g_o|g_s|g_z|h_#|h_,|h_a|h_c|h_e|h_f|h_g|h_h|h_i|h_k|h_l|h_m|h_o|h_r|h_s|h_u|h_w|h_y|i_#|i_'|i_-|i_a|i_b|i_c|i_d|i_e|i_f|i_g|i_h|i_i|i_l|i_m|i_n|i_o|i_p|i_r|i_s|i_t|i_u|i_v|i_w|i_y|i_z|i_â|j_#|j_e|k_#|k_'|k_a|k_e|k_i|k_o|k_u|l_#|l_-|l_a|l_c|l_d|l_e|l_h|l_i|l_l|l_m|l_n|l_o|l_p|l_r|l_s|l_t|l_u|l_w|l_y|l_z|m_#|m_a|m_b|m_e|m_h|m_i|m_o|m_r|m_s|m_u|n_#|n_'|n_-|n_a|n_b|n_c|n_d|n_e|n_f|n_g|n_h|n_i|n_l|n_m|n_o|n_p|n_r|n_s|n_t|n_u|n_w|n_y|n_z|n_í|n_î|o_#|o_'|o_-|o_a|o_c|o_e|o_f|o_g|o_h|o_i|o_j|o_l|o_m|o_n|o_o|o_p|o_r|o_s|o_t|o_u|o_v|o_w|o_y|o_z|o_á|o_â|o_é|o_î|p_#|p_a|p_c|p_e|p_h|p_i|p_l|p_o|p_r|p_s|p_u|p_y|q_#|r_#|r_'|r_-|r_a|r_c|r_e|r_f|r_g|r_h|r_i|r_l|r_m|r_n|r_o|r_r|r_s|r_u|r_w|r_y|r_z|r_é|r_ï|s_#|s_'|s_-|s_a|s_b|s_c|s_d|s_e|s_f|s_g|s_h|s_i|s_j|s_l|s_m|s_n|s_o|s_p|s_r|s_s|s_u|s_w|s_y|s_á|s_â|s_ê|s_ô|t_#|t_'|t_-|t_a|t_e|t_h|t_i|t_l|t_m|t_o|t_r|t_s|t_t|t_u|t_y|u_#|u_'|u_-|u_a|u_b|u_c|u_d|u_e|u_g|u_h|u_i|u_j|u_l|u_n|u_o|u_p|u_r|u_s|u_t|u_u|u_y|u_z|u_é|w_#|w_-|w_a|w_e|w_h|w_i|w_l|w_o|w_r|w_s|w_y|x_#|x_a|x_e|x_h|x_i|x_o|x_r|x_y|y_#|y_a|y_b|y_c|y_e|y_g|y_h|y_i|y_l|y_m|y_n|y_o|y_r|y_s|y_t|y_u|y_w|y_y|y_û|z_a|z_e|á_h|â_#|â_e|â_é|é_#|é_a|é_e|é_s|ê_#|î_#|ô_#|ô_e|ŵ_#|ŵ_s
w	418	#_#|#_'|#_-|#_a|#_c|#_d|#_e|#_f|#_g|#_h|#_i|#_l|#_n|#_o|#_p|#_r|#_s|#_t|#_u|#_v|#_y|#_â|#_ê|#_î|#_ŷ|'_#|'_-|'_e|'_h|'_n|'_o|'_r|'_y|-_a|-_e|-_h|-_i|-_l|-_n|-_o|-_r|-_u|-_y|a_#|a_'|a_-|a_a|a_b|a_c|a_d|a_e|a_f|a_g|a_h|a_i|a_k|a_l|a_m|a_n|a_o|a_p|a_r|a_s|a_t|a_u|a_w|a_y|a_ê|b_a|b_c|b_d|b_e|b_f|b_g|b_i|b_l|b_m|b_n|b_o|b_r|b_s|b_t|b_y|b_â|c_#|c_a|c_b|c_c|c_d|c_e|c_f|c_i|c_l|c_m|c_n|c_o|c_p|c_r|c_s|c_t|c_y|d_#|d_'|d_a|d_b|d_c|d_d|d_e|d_f|d_i|d_l|d_m|d_n|d_o|d_p|d_r|d_s|d_t|d_y|e_#|e_'|e_-|e_a|e_b|e_c|e_d|e_e|e_f|e_g|e_h|e_i|e_l|e_m|e_n|e_o|e_p|e_r|e_s|e_t|e_w|e_y|f_a|f_c|f_d|f_e|f_f|f_g|f_i|f_l|f_m|f_n|f_r|f_s|f_t|f_y|f_â|g_#|g_a|g_b|g_c|g_d|g_e|g_f|g_g|g_h|g_i|g_l|g_m|g_n|g_o|g_p|g_r|g_s|g_t|g_y|g_â|g_ê|g_ŷ|h_#|h_'|h_-|h_a|h_b|h_c|h_d|h_e|h_f|h_h|h_i|h_l|h_m|h_n|h_o|h_p|h_r|h_s|h_t|h_y|i_#|i_'|i_a|i_b|i_c|i_d|i_e|i_g|i_i|i_l|i_m|i_n|i_o|i_r|i_s|i_t|i_u|i_w|i_y|i_î|j_d|j_g|j_r|k_a|k_e|k_i|k_o|l_#|l_'|l_a|l_b|l_c|l_e|l_f|l_g|l_h|l_i|l_l|l_m|l_n|l_o|l_r|l_s|l_t|l_w|l_y|l_é|m_a|m_c|m_d|m_e|m_f|m_g|m_i|m_l|m_m|m_n|m_o|m_r|m_s|m_t|m_y|n_#|n_'|n_a|n_c|n_d|n_e|n_i|n_l|n_m|n_n|n_o|n_r|n_s|n_w|n_y|o_#|o_'|o_-|o_a|o_b|o_c|o_d|o_e|o_f|o_g|o_i|o_j|o_k|o_l|o_m|o_n|o_o|o_r|o_s|o_t|o_u|o_w|o_y|o_z|p_a|p_c|p_d|p_e|p_f|p_i|p_l|p_m|p_n|p_o|p_r|p_s|p_t|p_y|r_#|r_'|r_-|r_a|r_b|r_c|r_d|r_e|r_f|r_g|r_i|r_m|r_n|r_o|r_p|r_r|r_s|r_t|r_y|s_#|s_a|s_c|s_e|s_i|s_l|s_m|s_n|s_o|s_p|s_r|s_s|s_y|s_â|s_ê|s_î|t_#|t_a|t_b|t_c|t_e|t_f|t_h|t_i|t_l|t_m|t_n|t_o|t_p|t_r|t_s|t_t|t_y|u_#|u_'|u_-|u_a|u_c|u_d|u_i|u_n|u_o|u_r|u_y|w_#|w_c|w_e|w_m|w_n|w_o|w_r|w_y|x_e|x_s|y_#|y_'|y_-|y_a|y_b|y_c|y_d|y_e|y_f|y_g|y_h|y_i|y_l|y_n|y_o|y_r|y_s|y_u|y_w|y_y|z_e|z_i|ä_r|ë_c|ë_r|ë_y|í_t|ï_c|ï_n|ï_r|ï_y|ö_r
n	411	#_#|#_'|#_-|#_a|#_c|#_d|#_e|#_f|#_g|#_h|#_i|#_k|#_n|#_o|#_r|#_s|#_t|#_u|#_v|#_w|#_x|#_y|#_ô|#_ú|'_#|'_'|'_-|'_a|'_c|'_e|'_h|'_i|'_o|'_u|'_ô|-_a|-_e|-_g|-_h|-_i|-_n|-_o|-_u|-_y|a_#|a_'|a_-|a_a|a_b|a_c|a_d|a_e|a_f|a_g|a_h|a_i|a_j|a_k|a_l|a_m|a_n|a_o|a_p|a_q|a_r|a_s|a_t|a_u|a_v|a_w|a_x|a_y|a_z|a_á|a_ŵ|b_#|b_e|b_i|b_o|b_u|c_#|c_a|c_e|c_i|c_o|c_s|c_u|c_w|c_y|d_#|d_a|d_e|d_i|d_o|d_w|d_y|e_#|e_'|e_-|e_a|e_b|e_c|e_d|e_e|e_f|e_g|e_h|e_i|e_j|e_k|e_l|e_m|e_n|e_o|e_p|e_r|e_s|e_t|e_u|e_v|e_w|e_y|e_z|e_â|e_é|f_#|f_-|f_a|f_d|f_e|f_f|f_g|f_h|f_i|f_o|f_u|f_w|f_y|g_#|g_a|g_e|g_i|g_o|g_s|g_u|g_w|g_y|g_ï|h_#|h_-|h_a|h_d|h_e|h_i|h_n|h_o|h_s|h_u|h_w|h_y|h_ï|i_#|i_'|i_-|i_a|i_b|i_c|i_d|i_e|i_f|i_g|i_h|i_i|i_j|i_k|i_l|i_m|i_n|i_o|i_p|i_q|i_r|i_s|i_t|i_u|i_v|i_w|i_x|i_y|i_z|i_é|i_ë|i_î|j_e|k_#|k_a|k_e|k_i|k_o|l_#|l_a|l_c|l_d|l_e|l_f|l_g|l_i|l_k|l_n|l_o|l_q|l_s|l_t|l_v|m_#|m_a|m_e|m_i|m_o|m_ï|n_#|n_'|n_-|n_a|n_e|n_h|n_i|n_k|n_l|n_n|n_o|n_r|n_s|n_u|n_w|n_y|o_#|o_'|o_-|o_a|o_b|o_c|o_d|o_e|o_f|o_g|o_h|o_i|o_j|o_k|o_l|o_m|o_n|o_o|o_p|o_q|o_r|o_s|o_t|o_u|o_v|o_w|o_x|o_y|o_z|o_â|o_é|o_ê|o_ï|p_a|p_e|p_o|r_#|r_'|r_-|r_a|r_b|r_c|r_d|r_e|r_f|r_g|r_h|r_i|r_l|r_m|r_n|r_o|r_s|r_t|r_u|r_w|r_y|r_ï|s_#|s_a|s_e|s_f|s_i|s_o|s_u|s_w|s_y|t_a|t_c|t_e|t_i|t_o|t_w|u_#|u_'|u_-|u_a|u_b|u_c|u_d|u_e|u_f|u_g|u_h|u_i|u_j|u_k|u_l|u_m|u_n|u_o|u_p|u_r|u_s|u_t|u_u|u_w|u_y|u_z|v_#|v_a|v_i|v_o|w_#|w_-|w_a|w_b|w_c|w_d|w_e|w_f|w_g|w_h|w_i|w_l|w_n|w_o|w_r|w_s|w_t|w_u|w_w|w_y|w_â|w_ï|x_a|x_i|y_#|y_'|y_-|y_a|y_b|y_c|y_d|y_e|y_f|y_g|y_h|y_i|y_k|y_l|y_m|y_n|y_o|y_r|y_s|y_t|y_u|y_w|y_y|y_ë|z_a|z_i|á_#|â_#|â_-|â_t|é_i|é_u|ê_#|ê_-|î_#|î_-|î_s|ô_#|ô_-|ô_s|ô_t|ú_e|û_#|ÿ_n|ŵ_#|ŵ_i|ŵ_s|ŷ_#
d	378	#_#|#_'|#_-|#_a|#_c|#_d|#_e|#_h|#_i|#_j|#_l|#_m|#_n|#_o|#_p|#_r|#_s|#_t|#_u|#_v|#_w|#_y|#_â|#_ã|#_æ|#_é|#_î|#_ô|#_ú|#_ŵ|#_ŷ|'_#|'_a|'_d|'_e|'_h|'_i|'_l|'_o|'_r|'_u|'_w|'_y|-_#|-_'|-_a|-_d|-_e|-_i|-_o|-_r|-_t|-_u|-_w|-_y|-_â|-_î|-_û|a_#|a_'|a_,|a_-|a_a|a_b|a_c|a_d|a_e|a_f|a_g|a_h|a_i|a_j|a_l|a_m|a_n|a_o|a_r|a_s|a_t|a_u|a_v|a_w|a_y|a_z|a_é|a_ŵ|b_#|b_a|b_d|b_e|b_o|b_u|c_#|c_e|c_i|c_o|c_r|c_s|c_u|d_#|d_'|d_-|d_a|d_b|d_d|d_e|d_f|d_g|d_h|d_i|d_l|d_m|d_n|d_o|d_r|d_s|d_u|d_w|d_y|d_ï|d_ô|d_ŵ|e_#|e_-|e_a|e_b|e_c|e_d|e_e|e_f|e_g|e_h|e_i|e_j|e_k|e_l|e_m|e_n|e_o|e_p|e_r|e_s|e_t|e_u|e_v|e_w|e_y|e_ï|f_d|f_e|f_r|f_y|g_a|g_d|g_e|g_i|g_o|g_u|g_y|h_a|h_d|h_e|h_i|h_o|h_r|h_w|h_y|i_#|i_'|i_-|i_a|i_b|i_c|i_d|i_e|i_f|i_g|i_i|i_l|i_m|i_n|i_o|i_r|i_s|i_t|i_u|i_w|i_y|j_#|k_a|k_e|k_o|l_#|l_'|l_-|l_a|l_b|l_c|l_d|l_e|l_f|l_g|l_i|l_l|l_m|l_o|l_r|l_s|l_t|l_u|l_w|l_y|m_#|m_a|m_d|m_e|m_i|m_o|m_r|m_y|m_z|n_#|n_'|n_-|n_a|n_b|n_d|n_e|n_f|n_g|n_h|n_i|n_k|n_l|n_m|n_n|n_o|n_p|n_r|n_s|n_t|n_u|n_v|n_w|n_y|n_â|n_ä|n_ó|n_ú|n_ŵ|o_#|o_'|o_-|o_a|o_b|o_c|o_d|o_e|o_f|o_g|o_h|o_i|o_j|o_l|o_m|o_n|o_o|o_r|o_s|o_u|o_w|o_y|p_#|p_a|p_e|p_i|p_o|r_#|r_'|r_a|r_b|r_d|r_e|r_f|r_i|r_l|r_m|r_n|r_o|r_r|r_s|r_u|r_w|r_y|r_é|s_#|s_a|s_d|s_e|s_i|s_o|s_r|s_u|s_y|t_#|t_c|t_l|t_o|t_p|u_#|u_'|u_-|u_a|u_b|u_d|u_e|u_f|u_g|u_h|u_i|u_k|u_l|u_m|u_o|u_r|u_s|u_u|u_w|u_y|u_û|v_#|v_i|v_r|v_s|w_#|w_-|w_a|w_d|w_e|w_f|w_h|w_i|w_l|w_n|w_o|w_r|w_u|w_w|w_y|y_#|y_'|y_-|y_a|y_b|y_d|y_e|y_f|y_g|y_i|y_l|y_n|y_o|y_r|y_s|y_u|y_v|y_w|y_y|z_r|â_#|â_d|ê_#|ë_i|î_#|ô_#|ô_d|ū_i|ŷ_#
h	356	#_#|#_'|#_-|#_a|#_b|#_c|#_e|#_g|#_h|#_i|#_l|#_m|#_n|#_o|#_r|#_s|#_t|#_u|#_v|#_w|#_y|#_á|#_â|#_ô|#_ŷ|'_#|'_a|'_e|'_i|'_m|'_n|'_o|'_w|'_y|-_a|-_e|-_h|-_i|-_m|-_o|-_r|-_s|-_u|-_w|-_y|a_#|a_'|a_-|a_a|a_d|a_e|a_g|a_h|a_i|a_j|a_k|a_l|a_m|a_n|a_o|a_p|a_r|a_s|a_t|a_u|a_v|a_y|a_â|b_#|b_a|b_e|b_o|b_u|c_#|c_'|c_-|c_a|c_b|c_c|c_d|c_e|c_f|c_g|c_h|c_i|c_j|c_k|c_l|c_m|c_n|c_o|c_p|c_q|c_r|c_s|c_t|c_u|c_w|c_y|c_á|c_â|c_é|c_ê|c_ï|c_ô|c_ŵ|c_ŷ|d_#|d_a|d_e|d_i|d_o|d_p|d_r|d_u|d_y|e_#|e_-|e_a|e_e|e_f|e_g|e_h|e_i|e_l|e_m|e_n|e_o|e_p|e_r|e_t|e_u|e_w|e_y|f_a|f_e|g_#|g_'|g_a|g_b|g_d|g_e|g_h|g_i|g_k|g_l|g_n|g_o|g_r|g_s|g_t|g_u|g_w|g_y|g_â|g_ô|h_#|h_-|h_a|h_h|h_i|h_s|h_y|i_#|i_'|i_a|i_e|i_i|i_l|i_o|i_r|i_u|i_y|j_a|j_c|j_e|k_#|k_'|k_a|k_e|k_f|k_i|k_n|k_o|k_r|k_s|k_u|k_y|l_#|l_a|l_e|l_i|l_o|l_r|l_u|l_y|m_#|m_-|m_a|m_e|m_i|m_l|m_o|m_r|m_u|m_w|m_y|m_ê|n_#|n_a|n_e|n_i|n_l|n_o|n_r|n_u|n_w|n_y|n_â|n_î|n_ô|n_ŵ|n_ŷ|o_#|o_'|o_-|o_a|o_c|o_d|o_e|o_h|o_i|o_k|o_l|o_m|o_n|o_o|o_r|o_t|o_u|o_v|o_y|o_z|p_#|p_a|p_b|p_e|p_i|p_l|p_n|p_o|p_r|p_s|p_u|p_w|p_y|p_â|p_ê|p_ô|p_ŵ|r_#|r_a|r_e|r_i|r_o|r_u|r_w|r_y|s_#|s_'|s_-|s_a|s_b|s_c|s_e|s_f|s_g|s_h|s_i|s_k|s_l|s_m|s_n|s_o|s_r|s_t|s_u|s_w|s_y|t_#|t_'|t_-|t_a|t_b|t_c|t_d|t_e|t_f|t_g|t_h|t_i|t_k|t_l|t_m|t_n|t_o|t_p|t_r|t_s|t_t|t_u|t_w|t_y|t_â|t_é|t_î|t_ï|t_ŵ|t_ŷ|u_#|u_'|u_-|u_a|u_c|u_f|u_h|u_l|u_m|u_n|u_r|u_t|u_u|u_v|v_f|v_n|w_#|w_a|w_e|w_h|w_i|w_l|w_o|w_y|x_a|x_o|y_a|y_e|y_o|y_u|y_y|z_a|z_e|z_i|z_o|z_u|ü_r
m	328	#_#|#_'|#_-|#_a|#_c|#_d|#_e|#_h|#_i|#_l|#_m|#_n|#_o|#_r|#_s|#_t|#_u|#_w|#_y|#_z|#_à|#_â|#_é|#_ê|#_ô|'_#|'_a|'_e|'_i|'_o|'_p|'_t|'_u|-_a|-_e|-_i|-_m|-_o|-_u|-_w|-_y|-_à|a_#|a_'|a_-|a_a|a_b|a_c|a_d|a_e|a_f|a_g|a_h|a_i|a_j|a_l|a_m|a_n|a_o|a_p|a_r|a_s|a_u|a_w|a_y|a_z|a_â|b_#|b_a|b_e|b_i|b_o|c_#|c_a|c_d|c_e|c_i|c_o|d_#|d_a|d_e|d_i|d_o|d_p|d_u|d_y|d_z|d_é|e_#|e_'|e_-|e_a|e_b|e_c|e_e|e_f|e_h|e_i|e_k|e_l|e_m|e_n|e_o|e_p|e_r|e_s|e_t|e_u|e_w|e_y|e_â|e_ï|f_#|f_a|f_e|f_o|g_#|g_a|g_e|g_i|g_o|g_u|g_y|h_#|h_-|h_a|h_e|h_i|h_m|h_o|h_p|h_s|h_u|h_y|i_#|i_'|i_-|i_a|i_b|i_c|i_d|i_e|i_f|i_h|i_i|i_j|i_l|i_m|i_n|i_o|i_p|i_r|i_s|i_t|i_u|i_v|i_w|i_y|i_z|j_o|k_a|k_e|k_y|l_#|l_'|l_-|l_a|l_e|l_h|l_i|l_l|l_o|l_p|l_s|l_w|l_y|m_#|m_-|m_a|m_e|m_i|m_l|m_m|m_o|m_p|m_s|m_u|m_y|n_a|n_e|n_i|n_l|n_o|o_#|o_'|o_-|o_a|o_b|o_d|o_e|o_f|o_g|o_i|o_l|o_m|o_n|o_o|o_p|o_r|o_s|o_t|o_u|o_w|o_y|p_#|p_a|p_e|p_i|r_#|r_'|r_a|r_b|r_c|r_d|r_e|r_h|r_i|r_l|r_o|r_r|r_s|r_t|r_u|r_w|r_y|r_é|s_#|s_a|s_e|s_i|s_o|s_s|s_u|s_w|s_y|s_é|t_#|t_a|t_e|t_i|t_o|t_u|t_w|u_#|u_-|u_a|u_b|u_d|u_e|u_f|u_g|u_i|u_j|u_k|u_l|u_m|u_n|u_o|u_p|u_r|u_s|u_t|u_u|u_y|u_é|w_#|w_'|w_-|w_a|w_e|w_f|w_i|w_n|w_o|w_p|w_s|w_w|w_y|w_é|w_ï|y_#|y_-|y_a|y_b|y_c|y_d|y_e|y_f|y_g|y_h|y_i|y_l|y_n|y_o|y_p|y_r|y_s|y_t|y_u|y_w|y_y|z_a|z_i|z_o|á_a|â_#|æ_o|é_o|ê_#|í_#|í_a|î_#|î_i|ó_i|ô_#|ö_#|ú_e|û_#
g	328	#_#|#_'|#_-|#_a|#_c|#_e|#_g|#_h|#_i|#_l|#_m|#_n|#_o|#_p|#_r|#_s|#_u|#_v|#_w|#_y|#_â|#_ê|#_ô|#_ö|#_ŵ|'_'|'_a|'_e|'_h|'_i|'_o|'_r|'_u|'_w|'_y|-_#|-_a|-_e|-_h|-_i|-_l|-_n|-_o|-_r|-_u|-_w|-_y|a_#|a_'|a_-|a_a|a_b|a_c|a_d|a_e|a_f|a_g|a_h|a_i|a_l|a_m|a_n|a_o|a_p|a_r|a_s|a_t|a_u|a_w|a_y|a_ŵ|b_l|b_o|c_i|c_r|d_a|d_e|d_i|d_k|d_l|d_o|d_r|d_w|d_y|e_#|e_'|e_-|e_a|e_d|e_e|e_f|e_g|e_h|e_i|e_k|e_l|e_m|e_n|e_o|e_r|e_s|e_u|e_w|e_y|e_é|f_#|f_a|f_o|f_y|g_#|g_-|g_a|g_e|g_g|g_h|g_i|g_l|g_o|g_p|g_r|g_s|g_y|h_#|h_a|h_e|h_i|h_l|h_o|h_r|h_u|h_y|i_#|i_'|i_,|i_-|i_a|i_b|i_d|i_e|i_f|i_g|i_h|i_i|i_l|i_m|i_n|i_o|i_r|i_s|i_t|i_u|i_w|i_y|i_â|i_î|k_#|k_b|l_#|l_a|l_e|l_h|l_i|l_n|l_o|l_r|l_w|l_y|l_â|m_#|m_a|m_e|m_i|m_l|m_n|m_o|m_r|m_u|m_w|m_y|m_á|n_#|n_'|n_-|n_a|n_b|n_c|n_d|n_e|n_f|n_g|n_h|n_i|n_l|n_m|n_n|n_o|n_p|n_r|n_s|n_t|n_u|n_w|n_y|n_â|n_é|n_ê|n_ŵ|o_#|o_'|o_-|o_a|o_d|o_e|o_f|o_g|o_h|o_i|o_l|o_m|o_n|o_o|o_r|o_s|o_u|o_w|o_y|o_ï|p_a|p_o|r_#|r_'|r_-|r_a|r_e|r_g|r_h|r_i|r_l|r_o|r_r|r_s|r_u|r_w|r_y|s_#|s_-|s_a|s_d|s_e|s_f|s_i|s_l|s_m|s_n|s_o|s_r|s_t|s_u|s_w|s_y|s_î|s_ï|s_ô|s_ŵ|t_#|t_a|t_e|t_i|t_l|t_o|t_r|t_u|t_y|u_#|u_-|u_a|u_d|u_e|u_g|u_h|u_i|u_l|u_m|u_n|u_o|u_r|u_s|u_t|u_u|u_w|u_y|v_e|w_#|w_-|w_a|w_d|w_e|w_i|w_l|w_n|w_r|w_u|w_w|x_r|y_#|y_-|y_a|y_b|y_d|y_e|y_f|y_g|y_i|y_l|y_m|y_n|y_o|y_r|y_u|y_w|y_y|z_#|z_a|z_e|z_u|z_û|â_#|é_é
f	321	#_#|#_-|#_a|#_b|#_c|#_e|#_f|#_i|#_j|#_l|#_m|#_o|#_r|#_s|#_t|#_u|#_w|#_y|#_à|#_â|#_ê|#_î|#_ô|#_ü|#_ŵ|'_'|'_a|'_e|'_f|'_i|'_l|'_r|'_y|-_a|-_e|-_f|-_i|-_l|-_o|-_r|-_u|-_w|-_y|-_à|-_â|a_#|a_'|a_-|a_a|a_b|a_d|a_e|a_f|a_g|a_i|a_k|a_l|a_m|a_n|a_o|a_r|a_s|a_t|a_u|a_w|a_y|a_z|a_á|a_é|b_#|b_a|b_e|b_f|b_u|c_#|c_a|c_e|c_i|c_l|d_#|d_a|d_e|d_f|d_i|d_l|d_o|d_r|d_u|d_w|d_y|e_#|e_'|e_-|e_a|e_e|e_f|e_g|e_i|e_k|e_l|e_n|e_o|e_r|e_s|e_t|e_u|e_w|e_y|f_#|f_'|f_-|f_a|f_b|f_e|f_f|f_g|f_h|f_i|f_l|f_n|f_o|f_r|f_s|f_t|f_u|f_w|f_y|f_á|f_ê|f_ô|f_ŵ|g_a|g_e|g_f|g_i|g_l|g_o|g_r|g_u|g_w|g_y|h_#|h_a|h_e|h_f|h_i|h_o|h_r|h_u|h_w|h_y|i_#|i_-|i_a|i_b|i_d|i_e|i_f|i_i|i_k|i_l|i_n|i_o|i_r|i_s|i_t|i_u|i_w|i_y|k_a|k_i|k_o|k_r|l_#|l_-|l_a|l_e|l_f|l_g|l_i|l_l|l_m|l_o|l_r|l_s|l_t|l_w|l_y|m_#|m_a|m_e|m_f|m_i|m_l|m_o|m_r|m_u|m_w|m_y|n_a|n_e|n_f|n_i|n_l|n_o|n_r|n_u|n_w|n_y|n_û|o_#|o_-|o_a|o_d|o_e|o_f|o_g|o_i|o_j|o_l|o_m|o_n|o_o|o_r|o_s|o_t|o_u|o_w|o_y|o_â|p_#|p_a|p_f|p_w|q_#|r_#|r_'|r_-|r_a|r_c|r_d|r_e|r_f|r_i|r_l|r_o|r_r|r_s|r_u|r_w|r_y|r_ë|r_û|r_ü|s_a|s_e|s_f|s_i|s_l|s_o|s_p|s_r|s_t|s_u|s_w|s_y|t_#|t_a|t_e|t_f|t_i|t_l|t_o|t_u|u_#|u_a|u_e|u_f|u_i|u_o|u_p|u_r|u_t|u_u|w_#|w_'|w_-|w_a|w_e|w_f|w_l|w_n|w_o|w_r|w_w|x_i|x_o|y_#|y_-|y_a|y_d|y_e|y_f|y_h|y_i|y_l|y_n|y_o|y_r|y_t|y_u|y_w|y_y|á_f|â_#|ê_#|ê_f|î_f|ï_#|ï_r|ô_#
'	318	#_#|#_a|#_b|#_c|#_d|#_e|#_f|#_g|#_h|#_i|#_j|#_k|#_l|#_m|#_n|#_o|#_p|#_q|#_r|#_s|#_t|#_u|#_w|#_y|,_#|-_d|a_#|a_a|a_b|a_c|a_d|a_e|a_h|a_i|a_k|a_l|a_m|a_n|a_r|a_s|a_t|a_u|a_v|b_#|b_a|b_e|b_h|b_i|b_m|b_n|b_o|b_p|b_r|b_s|b_t|b_z|c_#|c_d|c_m|c_n|c_s|d_#|d_a|d_b|d_d|d_e|d_g|d_j|d_k|d_m|d_n|d_o|d_r|d_s|d_t|d_v|d_y|d_é|e_#|e_a|e_b|e_c|e_d|e_e|e_i|e_l|e_m|e_n|e_r|e_s|e_t|e_u|f_#|f_-|f_n|f_s|g_#|g_d|g_s|g_t|h_#|h_a|h_b|h_e|h_k|h_l|h_m|h_n|h_o|h_p|h_r|h_s|h_t|h_v|h_y|i_#|i_a|i_c|i_d|i_g|i_i|i_l|i_m|i_n|i_r|i_s|i_t|i_u|i_v|i_w|j_d|j_k|j_n|j_r|k_#|k_a|k_b|k_e|k_i|k_k|k_l|k_m|k_n|k_r|k_s|k_t|k_v|l_#|l_a|l_c|l_d|l_e|l_k|l_l|l_n|l_p|l_r|l_s|m_#|m_b|m_c|m_d|m_h|m_k|m_l|m_p|m_r|m_s|m_t|m_v|n_#|n_a|n_d|n_e|n_g|n_h|n_k|n_l|n_m|n_n|n_s|n_t|n_v|o_#|o_b|o_c|o_d|o_f|o_g|o_h|o_i|o_k|o_l|o_m|o_n|o_q|o_r|o_s|o_t|o_u|o_v|o_z|p_#|p_c|p_d|p_j|p_n|p_r|p_s|p_t|p_u|q_a|q_b|q_e|q_i|q_m|q_n|q_p|q_r|q_s|q_t|r_#|r_a|r_c|r_d|r_e|r_h|r_k|r_m|r_o|r_q|r_s|r_t|r_u|s_#|s_a|s_k|s_l|s_m|s_n|s_p|s_r|s_s|s_t|t_#|t_a|t_b|t_e|t_g|t_h|t_i|t_j|t_k|t_l|t_m|t_n|t_o|t_p|t_q|t_r|t_s|t_v|t_w|t_y|u_#|u_a|u_b|u_c|u_d|u_i|u_k|u_l|u_n|u_r|u_t|u_v|v_d|v_g|v_l|v_n|v_o|v_r|v_s|v_t|w_#|w_c|w_g|w_m|w_n|w_r|w_t|w_u|x_p|x_s|y_#|y_a|y_c|y_g|y_i|y_j|y_k|y_l|y_n|y_p|y_r|y_s|y_t|y_u|z_h|z_s|â_c|â_i|â_m|â_n|â_r|â_u|ŷ_n|ŷ_r
c	316	#_#|#_'|#_-|#_a|#_b|#_c|#_d|#_e|#_f|#_h|#_i|#_l|#_m|#_n|#_o|#_p|#_q|#_r|#_s|#_t|#_u|#_v|#_w|#_y|#_z|#_â|#_ê|#_ô|#_ŵ|'_a|'_h|'_l|'_o|'_w|'_y|-_a|-_e|-_h|-_i|-_l|-_n|-_o|-_r|-_u|-_w|-_y|-_ŵ|a_#|a_'|a_-|a_a|a_b|a_c|a_d|a_e|a_h|a_i|a_k|a_l|a_m|a_n|a_o|a_p|a_q|a_r|a_s|a_t|a_u|a_w|a_y|a_á|a_â|a_í|b_#|b_i|b_o|b_p|c_#|c_'|c_-|c_a|c_c|c_e|c_f|c_h|c_i|c_l|c_o|c_p|c_r|c_u|c_y|d_#|d_a|d_h|d_o|e_#|e_-|e_a|e_c|e_e|e_h|e_i|e_k|e_l|e_o|e_r|e_s|e_t|e_u|e_w|e_y|e_ô|f_#|f_a|g_h|g_o|h_#|h_a|h_e|h_h|h_l|h_n|h_r|i_#|i_'|i_-|i_a|i_b|i_c|i_d|i_e|i_h|i_i|i_j|i_k|i_l|i_n|i_o|i_r|i_s|i_t|i_u|i_w|i_y|i_â|k_#|k_o|l_#|l_a|l_c|l_e|l_h|l_i|l_k|l_o|l_r|l_u|l_w|m_#|m_a|m_c|m_d|m_f|m_g|m_h|m_k|m_l|m_m|m_n|m_p|m_r|n_#|n_'|n_-|n_a|n_b|n_e|n_h|n_i|n_k|n_l|n_m|n_o|n_r|n_s|n_t|n_u|n_w|n_y|n_é|n_ï|o_#|o_'|o_-|o_a|o_b|o_c|o_d|o_e|o_f|o_h|o_i|o_k|o_l|o_n|o_o|o_r|o_s|o_t|o_u|o_w|o_y|o_â|o_ê|o_ŵ|p_#|p_a|p_c|p_h|p_m|p_o|p_s|p_y|r_#|r_-|r_a|r_d|r_e|r_h|r_i|r_k|r_l|r_o|r_r|r_s|r_t|r_u|r_w|r_y|r_ê|s_#|s_a|s_c|s_e|s_h|s_i|s_l|s_m|s_o|s_r|s_u|t_#|t_a|t_e|t_h|t_l|t_o|t_u|u_#|u_a|u_c|u_d|u_e|u_h|u_i|u_k|u_l|u_o|u_r|u_s|u_t|u_u|u_w|u_y|v_#|v_h|v_l|v_o|w_#|w_a|w_b|w_e|w_h|w_i|w_l|w_o|w_r|w_s|w_u|w_w|w_y|x_#|x_a|x_e|x_h|x_i|x_o|x_u|x_ū|y_#|y_a|y_e|y_h|y_i|y_k|y_l|y_n|y_o|y_r|y_y|è_h|ê_#|ê_s|ô_#|ô_s
b	299	#_#|#_'|#_-|#_a|#_b|#_c|#_d|#_e|#_f|#_h|#_i|#_j|#_l|#_m|#_n|#_o|#_p|#_r|#_t|#_u|#_w|#_y|#_â|#_ê|#_î|#_ô|#_û|#_ŵ|'_'|'_a|'_e|'_h|'_i|'_l|'_o|'_r|'_u|'_y|,_e|-_a|-_e|-_i|-_l|-_o|-_r|-_u|-_w|-_y|-_â|-_î|-_ŵ|a_#|a_-|a_a|a_b|a_c|a_d|a_e|a_g|a_h|a_i|a_l|a_n|a_o|a_r|a_s|a_t|a_u|a_w|a_y|a_z|a_ŵ|b_#|b_a|b_c|b_e|b_i|b_l|b_o|b_s|b_y|c_#|c_c|c_e|c_m|c_o|c_r|d_a|d_e|d_i|d_l|d_o|d_r|d_u|d_w|d_y|e_#|e_'|e_-|e_a|e_b|e_d|e_e|e_h|e_i|e_l|e_m|e_n|e_o|e_r|e_s|e_u|e_w|e_y|f_e|f_i|f_r|f_w|g_#|g_e|g_i|g_l|g_o|g_r|g_y|h_#|h_a|h_e|h_i|h_l|h_o|h_r|h_u|h_w|h_y|i_#|i_'|i_-|i_a|i_b|i_d|i_e|i_f|i_i|i_l|i_o|i_r|i_s|i_u|i_w|i_y|i_ï|k_a|k_e|k_o|k_u|l_#|l_a|l_e|l_i|l_l|l_o|l_r|l_t|l_u|l_w|l_y|m_#|m_a|m_d|m_e|m_h|m_i|m_l|m_o|m_r|m_s|m_u|m_w|m_y|m_ô|m_ŵ|n_a|n_e|n_i|n_l|n_o|n_r|n_u|n_w|n_y|o_#|o_'|o_-|o_a|o_b|o_e|o_f|o_g|o_h|o_i|o_l|o_m|o_n|o_o|o_r|o_s|o_t|o_u|o_w|o_y|o_ï|p_#|p_e|p_u|r_#|r_a|r_b|r_e|r_i|r_l|r_o|r_r|r_s|r_u|r_w|r_y|s_#|s_a|s_e|s_i|s_l|s_n|s_o|s_r|s_u|s_w|s_y|s_â|s_ï|s_ô|t_a|t_f|t_i|t_l|t_u|t_w|t_y|u_#|u_'|u_a|u_b|u_c|u_d|u_e|u_h|u_i|u_l|u_m|u_n|u_o|u_p|u_r|u_s|u_t|u_u|u_v|u_w|u_y|w_#|w_-|w_a|w_e|w_i|w_l|w_m|w_o|w_r|w_w|x_#|x_o|x_r|y_#|y_a|y_d|y_e|y_i|y_l|y_o|y_r|y_s|y_u|y_w|y_y|z_a|z_i|z_r|â_i|ô_#
p	293	#_#|#_'|#_-|#_a|#_c|#_d|#_e|#_f|#_g|#_h|#_i|#_l|#_m|#_n|#_o|#_p|#_r|#_s|#_t|#_u|#_v|#_w|#_x|#_y|#_â|#_ê|#_î|#_ŵ|'_a|'_e|'_i|'_o|'_r|'_s|'_w|-_a|-_e|-_h|-_i|-_l|-_o|-_r|-_s|-_u|-_w|-_y|a_#|a_'|a_-|a_a|a_b|a_c|a_d|a_e|a_f|a_g|a_h|a_i|a_k|a_l|a_m|a_n|a_o|a_p|a_r|a_s|a_t|a_u|a_w|a_y|a_â|a_é|a_ê|a_î|a_ï|b_#|b_r|c_#|c_h|c_k|c_o|c_r|c_s|d_#|d_a|d_o|e_#|e_-|e_a|e_b|e_c|e_e|e_g|e_h|e_i|e_l|e_n|e_o|e_p|e_r|e_s|e_t|e_u|e_y|e_z|f_#|f_d|g_i|g_l|g_o|g_s|h_a|h_h|h_i|h_l|h_u|h_w|i_#|i_'|i_-|i_a|i_e|i_f|i_h|i_i|i_k|i_l|i_m|i_o|i_p|i_r|i_s|i_t|i_u|i_w|i_y|j_l|k_a|k_h|k_o|l_#|l_a|l_e|l_h|l_i|l_o|l_u|l_w|m_#|m_-|m_a|m_b|m_c|m_d|m_e|m_f|m_h|m_i|m_l|m_o|m_r|m_s|m_t|m_u|m_w|m_y|m_ê|m_ŵ|n_#|n_a|n_e|n_o|n_r|n_s|o_#|o_'|o_-|o_a|o_e|o_f|o_g|o_h|o_i|o_k|o_l|o_m|o_o|o_p|o_r|o_s|o_t|o_u|o_w|o_y|o_ï|p_#|p_a|p_e|p_h|p_i|p_l|p_o|p_r|p_s|p_u|p_y|r_#|r_'|r_-|r_a|r_e|r_h|r_i|r_l|r_o|r_r|r_s|r_t|r_u|r_w|r_y|s_#|s_a|s_c|s_e|s_h|s_i|s_l|s_o|s_r|s_s|s_u|s_y|t_#|t_a|t_e|t_o|t_r|u_#|u_'|u_-|u_a|u_c|u_e|u_h|u_i|u_l|u_m|u_o|u_p|u_r|u_s|u_t|u_u|u_w|u_y|v_#|w_#|w_a|w_e|w_i|w_l|w_o|w_p|w_s|w_w|x_a|x_e|x_l|x_r|y_#|y_a|y_d|y_e|y_h|y_i|y_l|y_n|y_o|y_r|y_s|y_t|y_u|y_y|z_a|z_o|â_#|â_-|é_e|î_#|î_-|î_i|ŵ_#
k	242	#_#|#_'|#_-|#_a|#_b|#_c|#_e|#_g|#_h|#_i|#_k|#_l|#_n|#_o|#_p|#_r|#_t|#_u|#_w|#_y|#_z|'_#|'_a|'_e|'_i|'_l|'_n|'_o|'_r|'_t|'_u|'_y|-_a|-_e|-_g|-_i|-_o|-_s|-_u|a_#|a_'|a_-|a_a|a_b|a_d|a_e|a_h|a_i|a_k|a_l|a_n|a_o|a_r|a_s|a_t|a_u|a_w|a_y|c_#|c_'|c_-|c_a|c_b|c_c|c_d|c_e|c_f|c_h|c_i|c_j|c_k|c_l|c_m|c_n|c_o|c_p|c_r|c_s|c_t|c_u|c_v|c_w|c_y|d_i|e_#|e_'|e_-|e_a|e_d|e_e|e_h|e_i|e_k|e_l|e_n|e_o|e_r|e_s|e_t|e_w|e_y|f_a|f_i|f_o|g_#|g_i|h_#|h_'|h_-|h_a|h_e|h_i|h_l|h_o|h_t|h_u|i_#|i_'|i_a|i_e|i_h|i_i|i_k|i_l|i_n|i_o|i_r|i_s|i_u|i_w|j_#|k_#|k_-|k_a|k_e|k_i|k_n|k_o|l_#|l_a|l_e|l_i|l_o|l_r|l_s|l_u|l_y|m_e|m_i|n_#|n_'|n_-|n_a|n_b|n_e|n_h|n_i|n_l|n_m|n_n|n_o|n_s|n_t|n_u|n_y|o_#|o_'|o_-|o_a|o_e|o_i|o_k|o_l|o_m|o_o|o_r|o_s|o_u|o_y|o_é|p_#|p_i|p_n|r_#|r_'|r_-|r_a|r_e|r_h|r_i|r_l|r_n|r_o|r_r|r_s|r_t|r_u|r_w|r_y|s_#|s_-|s_a|s_e|s_i|s_l|s_o|s_r|s_s|s_u|s_w|s_y|t_#|t_i|t_k|t_l|t_o|u_#|u_-|u_a|u_e|u_h|u_i|u_o|u_s|u_t|u_u|w_#|w_e|w_i|w_s|x_#|x_z|y_#|y_a|y_e|y_i|y_j|y_o|y_r|y_s|z_a|z_i
v	137	#_#|#_'|#_-|#_a|#_e|#_g|#_h|#_i|#_l|#_o|#_r|#_s|#_u|#_y|'_a|'_e|'_i|'_o|'_r|-_a|-_e|-_i|-_o|-_u|-_y|a_#|a_'|a_-|a_a|a_c|a_d|a_e|a_i|a_l|a_n|a_o|a_r|a_s|a_v|a_y|b_e|b_o|c_#|c_e|d_d|d_e|d_i|d_o|e_#|e_-|e_a|e_c|e_e|e_i|e_l|e_n|e_o|e_r|e_s|e_v|e_y|g_#|h_a|h_e|h_i|h_u|i_#|i_'|i_a|i_e|i_i|i_o|i_u|i_v|k_i|l_#|l_a|l_e|l_i|l_l|l_o|l_y|m_a|n_a|n_e|n_i|n_o|n_q|n_u|o_#|o_'|o_a|o_e|o_i|o_l|o_n|o_o|o_s|o_y|p_#|p_c|q_#|r_#|r_a|r_e|r_i|r_n|r_o|r_y|s_a|s_e|s_i|s_p|t_#|t_a|t_i|t_s|u_#|u_'|u_a|u_e|u_i|u_l|u_n|u_o|u_r|u_s|v_e|v_o|v_y|w_r|x_c|y_e|y_o|z_#|z_o|í_e
z	136	#_#|#_-|#_a|#_b|#_e|#_h|#_i|#_l|#_m|#_o|#_s|#_u|#_v|#_w|#_y|#_z|'_a|-_e|-_o|a_#|a_'|a_a|a_b|a_d|a_e|a_g|a_i|a_k|a_l|a_m|a_n|a_o|a_r|a_s|a_t|a_u|a_y|a_z|b_o|c_a|d_#|d_i|e_#|e_-|e_a|e_e|e_h|e_i|e_o|e_r|e_u|e_v|e_y|e_z|f_a|h_a|h_i|i_#|i_-|i_a|i_e|i_i|i_l|i_m|i_o|i_p|i_z|k_#|k_i|l_#|l_a|l_e|l_h|l_i|l_m|l_o|m_#|m_a|m_i|n_#|n_a|n_e|n_i|n_o|n_y|o_#|o_-|o_a|o_e|o_h|o_i|o_n|o_o|o_y|o_z|p_o|r_#|r_a|r_e|r_i|r_o|s_#|s_l|t_#|t_-|t_a|t_e|t_g|t_i|t_p|t_s|t_u|t_w|t_y|u_#|u_a|u_e|u_i|u_z|w_#|w_a|y_a|y_e|y_i|y_n|z_#|z_a|z_b|z_e|z_i|z_k|z_l|z_o|z_y|z_z|é_#
j	110	#_#|#_'|#_a|#_d|#_e|#_h|#_i|#_j|#_k|#_l|#_o|#_p|#_r|#_t|#_u|#_w|#_y|#_î|#_ô|'_a|'_e|'_i|'_o|'_y|-_a|-_e|-_i|-_o|-_u|-_y|a_#|a_-|a_a|a_e|a_h|a_i|a_j|a_o|a_q|a_r|a_u|b_o|b_ö|c_a|d_#|d_a|d_l|d_s|d_u|e_#|e_a|e_e|e_l|e_u|f_o|f_u|h_#|h_a|h_e|h_o|i_#|i_a|i_i|i_n|i_o|i_t|j_#|j_e|j_l|k_a|l_a|l_e|l_o|l_u|m_a|n_#|n_a|n_e|n_i|n_o|n_u|o_a|o_e|o_i|o_j|o_m|o_o|r_#|r_a|r_e|r_i|r_o|r_u|s_#|s_a|s_u|s_ö|t_i|t_o|t_u|u_i|w_u|x_l|y_a|y_i|y_o|y_u|é_a|é_à|é_á
x	93	#_#|#_a|#_b|#_c|#_e|#_h|#_i|#_j|#_o|#_u|#_v|#_x|#_y|-_#|-_e|a_#|a_-|a_a|a_c|a_e|a_f|a_i|a_n|a_o|a_t|a_u|a_w|a_x|a_y|e_#|e_'|e_-|e_a|e_c|e_e|e_h|e_i|e_l|e_n|e_o|e_p|e_t|e_u|e_w|e_x|e_y|i_#|i_'|i_-|i_a|i_e|i_i|i_n|i_o|i_t|i_u|i_x|i_y|l_#|l_k|n_#|n_i|o_#|o_a|o_b|o_c|o_e|o_f|o_g|o_i|o_l|o_o|o_s|o_t|o_x|o_y|p_k|r_#|s_#|t_#|u_#|u_a|u_b|u_e|u_h|u_i|u_o|u_t|x_#|x_a|x_i|y_#|y_i
â	69	#_#|#_'|#_-|#_b|#_r|b_r|c_d|c_n|d_l|d_n|d_p|d_u|f_n|f_s|f_u|g_d|g_l|g_n|g_r|g_u|h_#|h_d|h_g|h_l|h_n|h_p|h_r|h_t|i_#|i_l|i_p|i_r|i_t|i_u|l_d|l_n|l_t|l_u|m_l|m_n|m_u|n_d|n_n|n_u|p_d|p_r|p_t|r_#|r_l|r_m|r_n|r_t|r_u|s_d|s_l|s_r|s_u|t_#|t_d|t_f|t_l|t_n|t_p|t_r|t_u|w_d|w_r|w_u|á_á
é	47	#_#|#_l|#_o|#_s|'_t|c_e|d_#|d_a|d_j|d_r|d_t|f_#|g_#|g_n|h_#|h_o|h_t|i_r|k_m|l_#|l_s|m_#|m_a|m_n|n_#|n_l|n_t|p_s|r_a|r_e|r_i|r_l|r_s|r_t|s_#|s_e|s_l|s_r|s_t|t_#|t_g|t_p|t_z|u_#|u_s|w_t|á_#
q	44	#_#|#_'|#_-|#_a|#_e|#_o|#_q|#_s|#_t|#_u|#_v|'_#|'_a|'_u|-_u|a_#|a_'|a_f|a_q|a_u|c_#|c_u|e_#|e_u|h_#|i_#|i_u|j_a|l_#|l_u|n_u|o_#|o_'|o_q|o_u|q_#|q_a|r_u|s_u|u_#|u_'|u_u|v_#|y_u
ô	43	#_l|#_ï|-_l|b_n|b_r|c_d|c_n|c_r|c_t|d_l|d_m|d_n|f_l|f_n|f_r|g_l|g_n|g_r|g_t|h_l|h_n|h_t|i_l|i_n|i_r|j_c|l_#|l_b|l_n|m_r|n_l|n_s|r_c|r_l|r_m|r_n|r_r|s_n|t_d|t_f|t_l|t_n|ü_å
ŵ	42	#_r|#_y|-_r|-_y|b_#|b_e|b_i|b_s|c_l|c_n|d_a|d_n|d_r|f_n|f_t|g_n|g_p|g_r|g_y|h_e|h_n|h_r|i_r|l_n|n_#|n_i|p_#|p_e|p_l|r_#|r_a|r_n|r_p|s_a|s_n|s_o|t_#|t_i|t_n|t_r|t_s|t_t
ê	41	#_n|#_á|-_n|b_l|b_r|c_d|c_l|c_n|c_s|f_l|f_r|g_m|g_n|g_r|g_s|h_l|h_s|l_n|l_r|m_l|m_r|m_t|n_d|p_l|p_n|p_r|r_#|r_c|r_f|r_n|r_t|s_f|s_l|s_m|s_r|t_c|t_m|w_#|w_d|w_l|w_n
ï	38	#_o|#_ð|-_o|a_f|b_a|b_o|b_w|c_o|d_a|d_o|d_w|g_a|g_o|h_a|h_e|h_o|h_w|l_a|l_o|m_a|m_o|n_a|n_o|n_w|p_a|p_o|p_w|r_a|r_o|r_w|s_a|s_o|s_w|t_a|t_o|ã_ð|ð_ß|ô_#
î	29	#_s|b_p|d_m|d_n|f_n|g_l|g_n|h_m|j_n|l_#|l_n|l_t|n_n|p_n|p_s|r_#|r_d|r_f|r_l|r_n|r_t|s_#|s_n|t_m|t_n|w_#|w_r|w_s|w_t
á	21	#_#|c_u|f_n|f_u|g_u|h_m|h_u|j_#|l_t|n_r|r_f|r_i|s_i|s_u|t_u|â_#|ç_#|ê_é|ë_â|ó_#|ó_ò
ŷ	12	#_d|d_#|d_'|h_#|h_'|h_n|l_n|l_r|t_#|t_'|w_r|w_s
ë	11	f_w|l_i|l_o|l_w|n_#|n_e|o_d|r_i|r_w|r_y|ü_á
í	9	a_#|c_w|i_m|i_v|r_m|r_s|s_#|t_r|å_å
ö	8	g_r|j_r|j_s|l_w|l_y|r_m|r_w|r_y
,	8	#_a|a_'|d_'|g_'|l_r|o_s|t_'|y_b
û	6	b_m|d_n|d_r|f_m|g_l|t_n
à	5	#_#|f_s|j_#|l_#|m_s
ñ	5	e_o|i_a|o_a|å_ã|ð_ü
ó	5	#_á|d_m|l_i|l_r|ç_á
å	4	#_í|s_#|í_ñ|ô_#
ü	4	f_h|f_r|ð_ô|ñ_ë
ä	3	d_w|e_r|r_s
ú	3	d_n|d_r|n_m
ð	3	#_ñ|ï_ï|ï_ü
è	3	i_r|l_#|r_c
ã	2	d_#|ñ_ï
ç	2	u_á|ß_ó
ò	1	á_#
ÿ	1	o_n
ß	1	ï_ç
ū	1	c_d
ė	1	u_#
æ	1	d_m
